Delivery_Time,prediction,Residuals
135,135.0,0.0
75,75.0,0.0
65,60.333333333333336,4.666666666666664
135,108.33333333333333,26.66666666666667
11,18.0,-7.0
130,123.01136363636364,6.98863636363636
65,65.0,0.0
110,105.625,4.375
115,111.19565217391305,3.8043478260869534
65,65.28089887640449,-0.2808988764044926
55,62.46268656716418,-7.462686567164177
110,127.63888888888889,-17.638888888888886
130,130.0,0.0
75,75.0,0.0
75,75.0,0.0
95,95.0,0.0
90,90.0,0.0
145,145.0,0.0
120,120.0,0.0
85,85.0,0.0
130,130.0,0.0
110,75.0,35.0
22,21.0,1.0
40,36.0,4.0
50,50.0,0.0
110,90.0,20.0
75,75.0,0.0
115,79.44444444444444,35.55555555555556
135,135.0,0.0
145,145.0,0.0
85,85.0,0.0
60,60.0,0.0
85,85.0,0.0
135,140.0,-5.0
130,130.0,0.0
60,95.0,-35.0
50,50.0,0.0
150,150.0,0.0
85,85.0,0.0
85,85.0,0.0
125,127.63888888888889,-2.6388888888888857
100,106.94444444444444,-6.944444444444443
60,60.0,0.0
125,125.0,0.0
95,83.625,11.375
90,74.92307692307692,15.07692307692308
125,124.25,0.75
90,90.0,0.0
75,74.92307692307692,0.0769230769230802
75,74.92307692307692,0.0769230769230802
95,80.0,15.0
125,95.0,30.0
120,125.48387096774194,-5.483870967741936
90,90.0,0.0
75,70.0,5.0
50,53.57142857142857,-3.5714285714285694
140,110.0,30.0
55,55.0,0.0
125,105.0,20.0
85,50.0,35.0
50,50.0,0.0
18,18.0,0.0
65,68.72289156626506,-3.722891566265062
80,93.0,-13.0
80,93.0,-13.0
100,111.5625,-11.5625
115,115.0,0.0
60,60.0,0.0
50,75.0,-25.0
85,85.0,0.0
95,75.0,20.0
65,90.0,-25.0
130,94.28571428571429,35.71428571428571
100,97.89473684210526,2.10526315789474
110,96.2,13.799999999999997
85,85.0,0.0
60,74.92307692307692,-14.92307692307692
140,137.64705882352942,2.35294117647058
110,110.0,0.0
80,80.0,0.0
80,80.0,0.0
24,11.0,13.0
50,71.19047619047619,-21.19047619047619
95,60.0,35.0
145,132.82608695652175,12.173913043478251
115,115.0,0.0
115,115.0,0.0
130,127.63888888888889,2.3611111111111143
75,75.0,0.0
10,20.0,-10.0
95,58.75,36.25
105,116.0,-11.0
125,125.0,0.0
145,137.5,7.5
105,75.0,30.0
60,60.0,0.0
50,68.72289156626506,-18.722891566265062
50,68.72289156626506,-18.722891566265062
115,79.48148148148148,35.51851851851852
80,72.43243243243244,7.567567567567565
100,137.5,-37.5
80,50.0,30.0
65,65.0,0.0
75,80.0,-5.0
80,97.98245614035088,-17.982456140350877
110,110.0,0.0
90,90.0,0.0
60,60.0,0.0
95,95.0,0.0
75,106.25,-31.25
75,76.66666666666667,-1.6666666666666714
90,112.47572815533981,-22.47572815533981
120,112.47572815533981,7.524271844660191
75,75.0,0.0
115,115.0,0.0
145,125.0,20.0
125,125.0,0.0
80,94.28571428571429,-14.285714285714292
55,59.516129032258064,-4.516129032258064
60,74.92307692307692,-14.92307692307692
110,110.0,0.0
110,110.0,0.0
85,85.0,0.0
130,130.0,0.0
115,126.97916666666667,-11.979166666666671
115,126.97916666666667,-11.979166666666671
115,131.25,-16.25
20,20.0,0.0
75,83.71794871794872,-8.717948717948715
80,81.875,-1.875
75,85.0,-10.0
120,125.48387096774194,-5.483870967741936
80,81.875,-1.875
75,81.875,-6.875
115,55.0,60.0
75,76.13636363636364,-1.1363636363636402
100,110.0,-10.0
140,120.0,20.0
105,110.46666666666667,-5.466666666666669
110,112.6923076923077,-2.6923076923076934
80,80.0,0.0
115,114.28571428571429,0.7142857142857082
95,95.0,0.0
95,95.0,0.0
90,79.375,10.625
125,125.0,0.0
16,16.0,0.0
85,84.04761904761905,0.952380952380949
115,115.0,0.0
115,115.0,0.0
130,127.63888888888889,2.3611111111111143
105,132.21428571428572,-27.214285714285722
50,65.0,-15.0
60,60.0,0.0
145,135.0,10.0
75,75.0,0.0
115,82.5,32.5
75,75.0,0.0
55,55.0,0.0
50,74.61538461538461,-24.615384615384613
70,68.72289156626506,1.2771084337349379
18,18.0,0.0
135,117.10526315789474,17.89473684210526
85,74.61538461538461,10.384615384615387
105,105.0,0.0
75,80.0,-5.0
85,74.92307692307692,10.07692307692308
75,80.0,-5.0
65,95.18518518518519,-30.18518518518519
65,95.18518518518519,-30.18518518518519
18,18.0,0.0
110,110.0,0.0
60,60.0,0.0
140,106.94444444444444,33.05555555555556
22,13.0,9.0
70,74.92307692307692,-4.92307692307692
95,95.0,0.0
75,75.0,0.0
70,79.48148148148148,-9.481481481481481
85,65.0,20.0
130,123.5,6.5
145,106.94444444444444,38.05555555555556
70,79.23728813559322,-9.237288135593218
75,65.0,10.0
80,80.0,0.0
75,95.0,-20.0
70,78.5,-8.5
105,160.0,-55.0
115,111.5625,3.4375
120,108.88888888888889,11.111111111111114
130,130.0,0.0
60,60.0,0.0
100,110.0,-10.0
120,112.47572815533981,7.524271844660191
70,76.25,-6.25
100,79.48148148148148,20.51851851851852
75,60.0,15.0
105,105.0,0.0
80,83.71794871794872,-3.7179487179487154
85,90.0,-5.0
155,145.0,10.0
60,74.92307692307692,-14.92307692307692
65,55.0,10.0
125,95.0,30.0
80,80.0,0.0
55,55.0,0.0
130,130.0,0.0
130,120.0,10.0
100,110.0,-10.0
19,19.0,0.0
19,19.0,0.0
115,115.0,0.0
18,14.0,4.0
100,50.0,50.0
135,130.72,4.280000000000001
55,62.142857142857146,-7.142857142857146
125,122.5,2.5
140,100.0,40.0
90,68.72289156626506,21.277108433734938
75,75.0,0.0
135,135.0,0.0
150,100.0,50.0
50,50.0,0.0
95,95.0,0.0
85,91.50943396226415,-6.509433962264154
65,65.0,0.0
18,18.0,0.0
135,125.48387096774194,9.516129032258064
95,95.0,0.0
75,95.0,-20.0
75,95.0,-20.0
125,102.6923076923077,22.307692307692307
65,77.4074074074074,-12.407407407407405
80,91.0,-11.0
75,75.0,0.0
110,127.63888888888889,-17.638888888888886
50,50.0,0.0
22,22.0,0.0
85,102.6923076923077,-17.692307692307693
70,95.0,-25.0
90,84.9390243902439,5.060975609756099
65,74.90384615384616,-9.90384615384616
135,135.0,0.0
50,55.0,-5.0
95,95.0,0.0
125,125.0,0.0
85,74.61538461538461,10.384615384615387
75,71.0,4.0
85,107.5925925925926,-22.592592592592595
125,122.5,2.5
110,140.0,-30.0
80,79.48148148148148,0.518518518518519
80,84.9390243902439,-4.939024390243901
120,120.0,0.0
115,110.0,5.0
17,17.0,0.0
75,75.0,0.0
85,98.69565217391305,-13.695652173913047
85,50.0,35.0
145,127.63888888888889,17.361111111111114
80,84.16666666666667,-4.166666666666671
130,111.5625,18.4375
120,120.0,0.0
85,125.0,-40.0
75,110.0,-35.0
50,50.0,0.0
85,72.33333333333333,12.666666666666671
60,60.0,0.0
115,150.0,-35.0
70,75.45751633986929,-5.4575163398692865
110,110.0,0.0
110,110.0,0.0
135,125.48387096774194,9.516129032258064
70,70.0,0.0
16,16.0,0.0
16,16.0,0.0
80,85.78125,-5.78125
95,91.50943396226415,3.490566037735846
145,135.0,10.0
125,111.5625,13.4375
80,70.0,10.0
140,120.0,20.0
50,60.333333333333336,-10.333333333333336
29,23.0,6.0
105,105.0,0.0
85,85.0,0.0
22,17.0,5.0
13,13.0,0.0
75,75.0,0.0
50,77.4074074074074,-27.407407407407405
90,79.48148148148148,10.518518518518519
50,50.0,0.0
90,92.5,-2.5
75,75.0,0.0
125,125.48387096774194,-0.48387096774193594
115,79.48148148148148,35.51851851851852
110,145.0,-35.0
55,57.5,-2.5
70,70.0,0.0
95,90.83333333333333,4.166666666666671
70,80.0,-10.0
65,65.0,0.0
105,105.0,0.0
145,122.14285714285714,22.85714285714286
75,60.0,15.0
100,105.0,-5.0
115,115.0,0.0
95,95.0,0.0
95,95.0,0.0
90,85.78125,4.21875
75,90.0,-15.0
85,89.78260869565217,-4.782608695652172
140,135.0,5.0
75,75.0,0.0
120,115.0,5.0
85,87.77777777777777,-2.7777777777777715
14,14.0,0.0
160,160.0,0.0
80,55.0,25.0
75,75.0,0.0
75,83.57142857142857,-8.57142857142857
95,95.0,0.0
145,100.0,45.0
60,95.18518518518519,-35.18518518518519
90,89.5,0.5
100,135.0,-35.0
135,137.66666666666666,-2.666666666666657
105,110.0,-5.0
85,84.9390243902439,0.06097560975609895
80,80.0,0.0
80,68.72289156626506,11.277108433734938
85,85.0,0.0
120,80.0,40.0
11,11.0,0.0
110,115.3125,-5.3125
85,111.0204081632653,-26.0204081632653
115,98.4375,16.5625
90,74.92307692307692,15.07692307692308
80,87.5,-7.5
75,79.23728813559322,-4.237288135593218
65,83.84615384615384,-18.84615384615384
50,95.0,-45.0
55,55.0,0.0
70,55.0,15.0
85,125.0,-40.0
135,122.14285714285714,12.857142857142861
115,115.0,0.0
13,11.0,2.0
75,55.0,20.0
125,130.72,-5.719999999999999
95,95.0,0.0
70,72.33333333333333,-2.3333333333333286
90,90.0,0.0
135,135.0,0.0
85,85.0,0.0
75,68.72289156626506,6.277108433734938
60,60.0,0.0
90,89.75,0.25
75,76.66666666666667,-1.6666666666666714
85,55.0,30.0
70,79.48148148148148,-9.481481481481481
50,50.0,0.0
120,92.5,27.5
135,135.0,0.0
85,85.0,0.0
55,68.72289156626506,-13.722891566265062
95,95.0,0.0
85,95.0,-10.0
120,140.0,-20.0
15,25.0,-10.0
75,75.0,0.0
115,115.0,0.0
70,66.32075471698113,3.679245283018872
90,135.0,-45.0
85,85.0,0.0
95,88.40425531914893,6.59574468085107
115,124.25,-9.25
65,75.0,-10.0
110,110.0,0.0
95,95.0,0.0
50,50.0,0.0
95,68.72289156626506,26.277108433734938
95,95.0,0.0
50,50.0,0.0
50,50.0,0.0
85,85.0,0.0
125,123.5,1.5
75,77.5,-2.5
95,90.0,5.0
55,63.41463414634146,-8.414634146341463
60,60.0,0.0
105,119.88372093023256,-14.883720930232556
95,89.58333333333333,5.416666666666671
85,91.50943396226415,-6.509433962264154
85,91.50943396226415,-6.509433962264154
80,145.0,-65.0
80,98.4375,-18.4375
70,63.5,6.5
70,63.5,6.5
65,68.72289156626506,-3.722891566265062
135,135.0,0.0
85,79.375,5.625
65,63.41463414634146,1.585365853658537
70,72.43243243243244,-2.432432432432435
130,110.0,20.0
120,120.0,0.0
95,97.77777777777777,-2.7777777777777715
90,89.78260869565217,0.21739130434782794
140,94.54545454545455,45.45454545454545
120,96.2,23.799999999999997
55,55.0,0.0
145,75.0,70.0
110,113.63636363636364,-3.6363636363636402
50,50.0,0.0
60,60.0,0.0
120,90.0,30.0
70,68.86363636363636,1.1363636363636402
95,87.83783783783784,7.162162162162161
80,100.0,-20.0
95,95.0,0.0
120,126.66666666666667,-6.666666666666671
90,90.0,0.0
15,29.0,-14.0
50,74.92307692307692,-24.92307692307692
11,15.0,-4.0
105,105.0,0.0
115,117.14285714285714,-2.142857142857139
85,85.0,0.0
95,95.0,0.0
80,70.0,10.0
140,130.0,10.0
120,112.47572815533981,7.524271844660191
75,84.0,-9.0
120,120.0,0.0
18,16.0,2.0
80,80.0,0.0
115,130.0,-15.0
80,80.0,0.0
50,70.3,-20.299999999999997
105,117.14285714285714,-12.142857142857139
95,90.0,5.0
120,100.0,20.0
90,83.71794871794872,6.282051282051285
90,83.71794871794872,6.282051282051285
90,90.0,0.0
90,85.78125,4.21875
75,75.0,0.0
65,68.86363636363636,-3.8636363636363598
85,85.0,0.0
80,100.0,-20.0
90,90.0,0.0
60,60.0,0.0
95,95.0,0.0
90,90.0,0.0
110,110.0,0.0
125,127.63888888888889,-2.6388888888888857
80,83.625,-3.625
80,74.92307692307692,5.07692307692308
95,115.0,-20.0
80,82.0,-2.0
100,130.72,-30.72
115,115.0,0.0
60,79.23728813559322,-19.237288135593218
75,68.19383259911895,6.806167400881051
55,55.0,0.0
105,123.5,-18.5
85,68.72289156626506,16.277108433734938
75,72.43243243243244,2.567567567567565
135,135.0,0.0
60,60.0,0.0
110,125.0,-15.0
105,120.0,-15.0
90,90.0,0.0
85,81.11111111111111,3.8888888888888857
135,119.88372093023256,15.116279069767444
145,132.82608695652175,12.173913043478251
110,100.0,10.0
70,74.92307692307692,-4.92307692307692
70,74.92307692307692,-4.92307692307692
75,97.89473684210526,-22.89473684210526
60,74.61538461538461,-14.615384615384613
80,95.0,-15.0
60,65.0,-5.0
150,160.0,-10.0
95,70.0,25.0
50,79.48148148148148,-29.48148148148148
140,142.5,-2.5
85,85.0,0.0
85,85.0,0.0
70,68.72289156626506,1.2771084337349379
140,125.0,15.0
70,79.23728813559322,-9.237288135593218
55,91.50943396226415,-36.509433962264154
19,19.0,0.0
100,100.0,0.0
115,117.5,-2.5
60,50.0,10.0
75,121.93548387096774,-46.935483870967744
55,55.0,0.0
50,89.6,-39.599999999999994
85,92.5,-7.5
80,80.0,0.0
140,97.98245614035088,42.01754385964912
55,70.41666666666667,-15.416666666666671
90,83.625,6.375
80,108.88888888888889,-28.888888888888886
23,21.0,2.0
140,95.0,45.0
115,130.0,-15.0
55,55.0,0.0
85,98.0,-13.0
80,78.5,1.5
60,75.0,-15.0
60,75.0,-15.0
85,85.0,0.0
90,130.0,-40.0
95,97.98245614035088,-2.9824561403508767
85,112.47572815533981,-27.47572815533981
55,55.0,0.0
80,85.78125,-5.78125
130,120.0,10.0
19,19.0,0.0
19,26.0,-7.0
65,71.0,-6.0
100,80.0,20.0
60,60.0,0.0
80,68.19383259911895,11.806167400881051
90,90.0,0.0
105,105.0,0.0
85,85.0,0.0
70,69.43037974683544,0.5696202531645582
105,145.0,-40.0
100,100.0,0.0
80,80.0,0.0
80,90.5,-10.5
80,80.0,0.0
105,105.0,0.0
55,63.41463414634146,-8.414634146341463
115,115.0,0.0
125,123.5,1.5
90,66.32075471698113,23.679245283018872
80,80.0,0.0
60,60.0,0.0
75,63.5,11.5
75,85.0,-10.0
125,120.0,5.0
75,75.0,0.0
80,89.78260869565217,-9.782608695652172
85,85.0,0.0
16,10.0,6.0
90,75.0,15.0
55,75.0,-20.0
95,95.0,0.0
75,83.625,-8.625
90,90.0,0.0
140,124.5,15.5
70,70.0,0.0
145,145.0,0.0
85,82.6923076923077,2.3076923076923066
55,55.0,0.0
60,60.0,0.0
65,69.56521739130434,-4.565217391304344
75,75.0,0.0
125,123.75,1.25
85,83.625,1.375
120,119.88372093023256,0.11627906976744384
85,85.0,0.0
95,98.4375,-3.4375
80,93.0,-13.0
110,110.0,0.0
75,75.0,0.0
75,54.642857142857146,20.357142857142854
95,93.0,2.0
75,87.83783783783784,-12.837837837837839
120,125.48387096774194,-5.483870967741936
100,100.0,0.0
60,75.45751633986929,-15.457516339869287
60,68.72289156626506,-8.722891566265062
95,89.78260869565217,5.217391304347828
18,12.0,6.0
60,60.0,0.0
105,105.0,0.0
80,105.0,-25.0
220,220.0,0.0
155,155.0,0.0
90,90.0,0.0
140,140.0,0.0
80,81.42857142857143,-1.4285714285714306
135,135.0,0.0
70,91.42857142857143,-21.42857142857143
155,155.0,0.0
29,29.0,0.0
160,160.0,0.0
125,144.28571428571428,-19.285714285714278
140,140.0,0.0
170,146.71610169491527,23.283898305084733
130,153.52941176470588,-23.529411764705884
105,103.24175824175825,1.758241758241752
145,145.0,0.0
33,33.0,0.0
100,100.0,0.0
100,105.5,-5.5
70,70.0,0.0
65,65.0,0.0
55,60.0,-5.0
165,144.1304347826087,20.86956521739131
65,65.0,0.0
100,139.16666666666666,-39.16666666666666
130,140.0,-10.0
180,180.0,0.0
75,89.47368421052632,-14.473684210526315
190,144.28571428571428,45.71428571428572
160,160.0,0.0
85,81.42857142857143,3.5714285714285694
85,81.42857142857143,3.5714285714285694
31,31.0,0.0
125,125.0,0.0
155,155.0,0.0
115,115.0,0.0
150,150.0,0.0
135,95.0,40.0
140,140.0,0.0
130,142.05882352941177,-12.058823529411768
29,29.0,0.0
150,148.625,1.375
150,148.625,1.375
80,87.7,-7.700000000000003
145,149.97113997113996,-4.971139971139962
130,131.42857142857142,-1.4285714285714164
150,150.0,0.0
165,162.75,2.25
190,190.0,0.0
100,130.1315789473684,-30.13157894736841
85,99.16017316017316,-14.160173160173159
110,110.0,0.0
165,144.28571428571428,20.714285714285722
150,130.1315789473684,19.86842105263159
125,146.71610169491527,-21.716101694915267
110,110.0,0.0
85,95.67567567567568,-10.675675675675677
85,95.67567567567568,-10.675675675675677
150,152.5,-2.5
150,152.5,-2.5
95,95.0,0.0
85,75.35714285714286,9.642857142857139
160,149.97113997113996,10.028860028860038
140,110.63192904656319,29.368070953436813
145,169.35114503816794,-24.351145038167942
150,150.0,0.0
150,150.0,0.0
170,190.0,-20.0
130,144.28571428571428,-14.285714285714278
130,169.35114503816794,-39.35114503816794
170,170.0,0.0
155,155.0,0.0
80,120.0,-40.0
165,149.97113997113996,15.028860028860038
115,107.28260869565217,7.717391304347828
140,149.97113997113996,-9.971139971139962
165,165.0,0.0
125,124.44444444444444,0.5555555555555571
90,90.0,0.0
105,122.61513157894737,-17.61513157894737
33,33.0,0.0
160,163.33333333333334,-3.333333333333343
145,138.8709677419355,6.1290322580645125
75,75.0,0.0
80,78.125,1.875
145,130.1315789473684,14.86842105263159
70,66.5,3.5
135,116.82539682539682,18.174603174603178
60,60.0,0.0
150,142.91139240506328,7.088607594936718
75,70.23076923076923,4.769230769230774
100,100.0,0.0
135,146.71610169491527,-11.716101694915267
100,100.0,0.0
145,122.61513157894737,22.38486842105263
155,155.0,0.0
95,89.0,6.0
170,170.0,0.0
130,133.25,-3.25
100,121.203007518797,-21.203007518796994
170,130.1315789473684,39.86842105263159
130,130.0,0.0
110,110.0,0.0
125,125.0,0.0
140,140.0,0.0
185,206.85714285714286,-21.85714285714286
160,160.0,0.0
165,165.0,0.0
155,155.0,0.0
26,26.0,0.0
145,145.0,0.0
85,85.0,0.0
125,125.0,0.0
28,28.0,0.0
75,75.0,0.0
185,185.0,0.0
165,156.66666666666666,8.333333333333343
55,55.0,0.0
70,69.140625,0.859375
70,69.140625,0.859375
130,130.1315789473684,-0.13157894736841058
130,144.1304347826087,-14.130434782608688
165,157.95081967213116,7.049180327868839
90,90.0,0.0
175,153.0275229357798,21.972477064220186
145,145.0,0.0
125,125.0,0.0
29,29.0,0.0
100,100.0,0.0
135,149.97113997113996,-14.971139971139962
75,75.0,0.0
25,25.0,0.0
120,130.1315789473684,-10.13157894736841
120,130.1315789473684,-10.13157894736841
120,120.0,0.0
75,75.0,0.0
70,111.25954198473282,-41.25954198473282
60,65.54263565891473,-5.542635658914733
85,85.0,0.0
100,100.0,0.0
165,142.90419161676647,22.095808383233532
105,130.1315789473684,-25.13157894736841
26,26.0,0.0
135,135.0,0.0
150,150.0,0.0
105,105.0,0.0
80,107.28260869565217,-27.282608695652172
135,149.97113997113996,-14.971139971139962
115,121.65467625899281,-6.654676258992808
220,156.66666666666666,63.33333333333334
15,15.0,0.0
15,15.0,0.0
60,84.28571428571429,-24.285714285714292
130,149.97113997113996,-19.971139971139962
55,55.0,0.0
110,110.0,0.0
195,195.0,0.0
90,111.25954198473282,-21.25954198473282
170,170.0,0.0
110,110.0,0.0
135,139.3939393939394,-4.393939393939405
170,187.91666666666666,-17.916666666666657
145,145.0,0.0
140,122.61513157894737,17.38486842105263
140,140.0,0.0
125,146.71610169491527,-21.716101694915267
100,100.0,0.0
145,132.26415094339623,12.735849056603769
135,153.68421052631578,-18.68421052631578
160,165.0,-5.0
135,139.52380952380952,-4.523809523809518
160,164.9512195121951,-4.9512195121951095
115,115.0,0.0
105,103.14453125,1.85546875
135,135.0,0.0
90,116.82539682539682,-26.825396825396822
155,155.0,0.0
155,155.0,0.0
140,140.0,0.0
60,99.16017316017316,-39.16017316017316
100,100.0,0.0
150,150.0,0.0
160,149.97113997113996,10.028860028860038
205,205.0,0.0
145,145.0,0.0
95,95.0,0.0
150,145.5,4.5
165,149.97113997113996,15.028860028860038
130,149.97113997113996,-19.971139971139962
95,95.0,0.0
60,104.41176470588235,-44.41176470588235
140,155.0,-15.0
145,145.0,0.0
140,149.97113997113996,-9.971139971139962
130,130.0,0.0
90,90.0,0.0
165,165.0,0.0
95,108.5,-13.5
140,140.0,0.0
80,79.93697478991596,0.06302521008403517
145,142.90419161676647,2.095808383233532
125,125.0,0.0
28,28.0,0.0
170,170.0,0.0
55,55.0,0.0
75,77.61111111111111,-2.6111111111111143
140,131.52777777777777,8.472222222222229
85,85.0,0.0
13,13.0,0.0
185,149.97113997113996,35.02886002886004
65,65.0,0.0
16,16.0,0.0
75,75.0,0.0
75,75.0,0.0
32,32.0,0.0
32,32.0,0.0
140,149.97113997113996,-9.971139971139962
160,157.95081967213116,2.0491803278688394
35,35.0,0.0
90,90.0,0.0
145,149.97113997113996,-4.971139971139962
145,145.0,0.0
185,185.0,0.0
195,195.0,0.0
140,136.4375,3.5625
175,156.66666666666666,18.333333333333343
185,185.0,0.0
65,65.0,0.0
165,155.0,10.0
195,195.0,0.0
195,195.0,0.0
185,185.0,0.0
145,148.95569620253164,-3.955696202531641
20,20.0,0.0
145,142.90419161676647,2.095808383233532
155,155.0,0.0
75,75.0,0.0
75,75.0,0.0
90,90.0,0.0
80,80.0,0.0
10,10.0,0.0
160,159.1044776119403,0.8955223880597032
75,75.0,0.0
105,105.0,0.0
140,159.1044776119403,-19.104477611940297
125,125.29629629629629,-0.2962962962962905
55,55.0,0.0
85,85.0,0.0
75,77.61111111111111,-2.6111111111111143
190,159.1044776119403,30.895522388059703
85,85.0,0.0
165,165.0,0.0
165,146.71610169491527,18.283898305084733
145,139.0,6.0
130,148.95569620253164,-18.95569620253164
165,165.0,0.0
125,125.0,0.0
155,155.95238095238096,-0.9523809523809632
125,159.1044776119403,-34.1044776119403
105,105.0,0.0
65,76.70212765957447,-11.702127659574472
120,135.0,-15.0
155,146.71610169491527,8.283898305084733
170,163.5632183908046,6.436781609195407
27,27.0,0.0
155,155.0,0.0
150,150.0,0.0
110,110.0,0.0
65,65.0,0.0
170,170.0,0.0
130,128.23529411764707,1.7647058823529278
165,165.0,0.0
180,144.1304347826087,35.86956521739131
105,105.0,0.0
155,159.1044776119403,-4.104477611940297
34,34.0,0.0
205,205.0,0.0
60,110.36076662908681,-50.36076662908681
25,25.0,0.0
75,76.70212765957447,-1.7021276595744723
145,142.90419161676647,2.095808383233532
23,23.0,0.0
170,170.0,0.0
120,129.5121951219512,-9.512195121951208
100,94.2687074829932,5.731292517006807
125,149.97113997113996,-24.971139971139962
165,165.0,0.0
120,126.0,-6.0
130,121.203007518797,8.796992481203006
100,99.16017316017316,0.8398268398268414
130,138.23788546255506,-8.237885462555056
115,115.0,0.0
95,95.0,0.0
65,89.8780487804878,-24.878048780487802
125,125.29629629629629,-0.2962962962962905
135,146.71610169491527,-11.716101694915267
130,146.71610169491527,-16.716101694915267
150,150.0,0.0
135,102.36148955495004,32.63851044504996
155,155.0,0.0
130,159.9375,-29.9375
110,110.0,0.0
90,102.36148955495004,-12.36148955495004
155,157.95081967213116,-2.9508196721311606
165,149.97113997113996,15.028860028860038
165,165.0,0.0
110,101.40449438202248,8.595505617977523
130,136.4375,-6.4375
130,130.0,0.0
60,60.0,0.0
155,152.5,2.5
115,99.78494623655914,15.215053763440864
60,58.285714285714285,1.7142857142857153
125,125.0,0.0
105,125.29629629629629,-20.29629629629629
120,120.0,0.0
55,55.0,0.0
155,148.95569620253164,6.044303797468359
65,65.0,0.0
75,75.0,0.0
165,165.0,0.0
135,102.36148955495004,32.63851044504996
155,148.95569620253164,6.044303797468359
115,115.0,0.0
145,102.36148955495004,42.63851044504996
70,70.0,0.0
55,76.70212765957447,-21.702127659574472
170,170.0,0.0
32,32.0,0.0
165,125.29629629629629,39.70370370370371
160,160.0,0.0
115,125.29629629629629,-10.29629629629629
115,115.0,0.0
130,132.26415094339623,-2.2641509433962312
130,132.26415094339623,-2.2641509433962312
125,128.23529411764707,-3.235294117647072
165,165.0,0.0
29,29.0,0.0
130,89.8780487804878,40.1219512195122
95,95.0,0.0
75,114.6474358974359,-39.6474358974359
115,110.83333333333333,4.166666666666671
120,114.6474358974359,5.352564102564102
115,115.0,0.0
115,115.0,0.0
150,149.43820224719101,0.5617977528089853
140,149.97113997113996,-9.971139971139962
140,132.35294117647058,7.64705882352942
115,115.0,0.0
115,114.6474358974359,0.3525641025641022
120,109.25,10.75
135,135.0,0.0
190,149.38888888888889,40.611111111111114
110,110.0,0.0
155,155.0,0.0
160,159.9375,0.0625
175,149.38888888888889,25.611111111111114
145,145.0,0.0
43,43.0,0.0
150,149.43820224719101,0.5617977528089853
100,80.60606060606061,19.39393939393939
85,77.61111111111111,7.388888888888886
125,122.85714285714286,2.142857142857139
135,146.71610169491527,-11.716101694915267
135,146.71610169491527,-11.716101694915267
135,146.71610169491527,-11.716101694915267
95,95.08620689655173,-0.08620689655172953
135,122.61513157894737,12.38486842105263
130,130.0,0.0
110,89.58333333333333,20.41666666666667
165,170.0,-5.0
70,70.0,0.0
110,110.0,0.0
175,170.71428571428572,4.285714285714278
195,195.0,0.0
135,149.43820224719101,-14.438202247191015
95,80.60606060606061,14.393939393939391
130,135.0,-5.0
70,99.78494623655914,-29.784946236559136
155,155.0,0.0
95,129.75,-34.75
25,25.0,0.0
90,89.8780487804878,0.1219512195121979
125,125.0,0.0
135,138.23788546255506,-3.237885462555056
65,82.79569892473118,-17.795698924731184
125,136.5566037735849,-11.556603773584897
31,31.0,0.0
150,140.0,10.0
16,16.0,0.0
95,110.36076662908681,-15.360766629086811
65,95.08620689655173,-30.08620689655173
65,65.0,0.0
165,171.66666666666666,-6.666666666666657
150,145.88235294117646,4.117647058823536
110,125.0,-15.0
26,26.0,0.0
115,114.6474358974359,0.3525641025641022
105,112.09677419354838,-7.096774193548384
125,125.0,0.0
95,125.78947368421052,-30.78947368421052
105,140.0,-35.0
50,50.0,0.0
115,115.0,0.0
145,147.82608695652175,-2.826086956521749
65,65.0,0.0
150,151.15384615384616,-1.1538461538461604
140,139.24242424242425,0.7575757575757507
95,95.0,0.0
95,95.0,0.0
95,95.0,0.0
140,140.0,0.0
60,73.80952380952381,-13.80952380952381
85,106.76470588235294,-21.764705882352942
120,76.70212765957447,43.29787234042553
50,50.0,0.0
85,82.94117647058823,2.058823529411768
135,126.66666666666667,8.333333333333329
130,130.0,0.0
80,81.89655172413794,-1.896551724137936
135,130.14084507042253,4.859154929577471
105,105.0,0.0
105,105.0,0.0
115,112.09677419354838,2.9032258064516157
115,115.0,0.0
165,165.0,0.0
24,24.0,0.0
135,137.30769230769232,-2.307692307692321
145,137.30769230769232,7.692307692307679
80,102.85714285714286,-22.85714285714286
50,50.0,0.0
115,87.33333333333333,27.66666666666667
23,23.0,0.0
60,60.0,0.0
80,80.0,0.0
100,106.96428571428571,-6.964285714285708
55,55.0,0.0
80,80.0,0.0
75,107.06896551724138,-32.06896551724138
130,130.0,0.0
130,117.11538461538461,12.884615384615387
110,76.70212765957447,33.29787234042553
90,92.5,-2.5
145,171.66666666666666,-26.666666666666657
75,75.0,0.0
145,145.0,0.0
90,83.0,7.0
130,127.23214285714286,2.767857142857139
105,114.6474358974359,-9.647435897435898
75,75.0,0.0
140,107.06896551724138,32.93103448275862
85,85.0,0.0
155,155.0,0.0
31,31.0,0.0
130,88.75,41.25
115,140.0,-25.0
135,102.85714285714286,32.14285714285714
90,84.0,6.0
155,155.0,0.0
55,102.36148955495004,-47.36148955495004
65,110.36076662908681,-45.36076662908681
145,145.0,0.0
105,108.0,-3.0
165,156.25,8.75
60,74.23387096774194,-14.233870967741936
80,80.0,0.0
150,145.88235294117646,4.117647058823536
125,195.0,-70.0
55,55.0,0.0
185,156.25,28.75
130,139.24242424242425,-9.24242424242425
125,125.0,0.0
125,55.0,70.0
22,22.0,0.0
125,90.0,35.0
110,105.0,5.0
110,106.25,3.75
85,87.77777777777777,-2.7777777777777715
130,150.0,-20.0
140,140.0,0.0
140,140.0,0.0
95,95.5,-0.5
80,80.0,0.0
135,135.0,0.0
165,163.5632183908046,1.4367816091954069
145,145.0,0.0
155,140.0,15.0
50,74.23387096774194,-24.233870967741936
80,80.0,0.0
125,132.5,-7.5
130,127.23214285714286,2.767857142857139
130,127.23214285714286,2.767857142857139
150,145.88235294117646,4.117647058823536
70,70.0,0.0
85,85.96153846153847,-0.961538461538467
115,115.0,0.0
100,101.55172413793103,-1.551724137931032
90,90.0,0.0
150,143.70967741935485,6.290322580645153
140,140.5,-0.5
90,90.37037037037037,-0.3703703703703667
75,87.5,-12.5
55,110.36076662908681,-55.36076662908681
120,100.0,20.0
115,110.63192904656319,4.368070953436813
85,82.89473684210526,2.10526315789474
95,95.0,0.0
80,82.94117647058823,-2.941176470588232
75,85.0,-10.0
105,105.0,0.0
70,74.41176470588235,-4.411764705882348
110,100.0,10.0
125,125.78947368421052,-0.7894736842105203
155,155.0,0.0
19,19.0,0.0
90,62.142857142857146,27.857142857142854
130,130.3125,-0.3125
75,75.0,0.0
18,18.0,0.0
100,102.36148955495004,-2.3614895549500403
90,90.0,0.0
145,121.44444444444444,23.555555555555557
50,50.0,0.0
140,147.5,-7.5
75,75.0,0.0
85,94.28571428571429,-9.285714285714292
80,80.0,0.0
165,165.0,0.0
80,80.0,0.0
95,95.0,0.0
105,110.71428571428571,-5.714285714285708
210,210.0,0.0
175,175.0,0.0
65,110.78947368421052,-45.78947368421052
120,101.55172413793103,18.448275862068968
90,88.2,1.7999999999999972
120,90.0,30.0
120,115.18518518518519,4.8148148148148096
105,129.5,-24.5
105,132.61904761904762,-27.61904761904762
105,132.61904761904762,-27.61904761904762
115,107.62295081967213,7.377049180327873
100,114.6474358974359,-14.647435897435898
130,130.0,0.0
145,145.0,0.0
100,100.0,0.0
100,100.0,0.0
130,147.94871794871796,-17.948717948717956
215,152.75,62.25
85,128.0,-43.0
125,125.0,0.0
21,21.0,0.0
170,161.07692307692307,8.923076923076934
125,125.0,0.0
180,180.0,0.0
80,80.0,0.0
160,155.8426966292135,4.157303370786508
140,140.0,0.0
160,160.0,0.0
140,137.1875,2.8125
135,135.0,0.0
130,116.81818181818181,13.181818181818187
105,115.39682539682539,-10.396825396825392
95,95.0,0.0
100,132.61904761904762,-32.61904761904762
75,98.42105263157895,-23.421052631578945
125,125.0,0.0
170,170.0,0.0
85,225.0,-140.0
125,125.0,0.0
105,105.66666666666667,-0.6666666666666714
140,140.0,0.0
185,147.94871794871796,37.051282051282044
100,86.66666666666667,13.333333333333329
145,80.0,65.0
105,98.42105263157895,6.578947368421055
130,119.11764705882354,10.882352941176464
110,110.0,0.0
150,163.19148936170214,-13.19148936170214
25,25.0,0.0
195,155.0,40.0
80,80.0,0.0
28,26.0,2.0
170,170.0,0.0
120,120.0,0.0
110,108.23529411764706,1.764705882352942
155,127.0,28.0
165,164.1796875,0.8203125
75,76.85185185185185,-1.8518518518518476
165,165.0,0.0
80,82.43243243243244,-2.432432432432435
80,82.43243243243244,-2.432432432432435
130,118.75,11.25
150,132.61904761904762,17.38095238095238
110,135.0,-25.0
190,191.66666666666666,-1.6666666666666572
140,107.62295081967213,32.37704918032787
110,107.0,3.0
135,133.75,1.25
120,120.0,0.0
180,186.11111111111111,-6.111111111111114
115,123.75,-8.75
85,85.0,0.0
125,125.0,0.0
85,85.0,0.0
125,103.01204819277109,21.98795180722891
200,173.73134328358208,26.268656716417922
125,110.63192904656319,14.368070953436813
33,31.0,2.0
28,36.0,-8.0
130,135.0,-5.0
195,197.5,-2.5
165,165.0,0.0
170,170.0,0.0
220,220.0,0.0
75,117.26190476190476,-42.26190476190476
85,85.0,0.0
90,90.0,0.0
39,40.0,-1.0
195,195.0,0.0
140,151.70454545454547,-11.704545454545467
160,160.0,0.0
105,105.9090909090909,-0.9090909090909065
105,105.9090909090909,-0.9090909090909065
50,78.35329341317366,-28.35329341317366
15,15.0,0.0
125,125.0,0.0
185,140.0,45.0
140,85.0,55.0
115,70.0,45.0
100,120.54347826086956,-20.543478260869563
75,103.01204819277109,-28.01204819277109
125,88.2,36.8
180,204.28571428571428,-24.285714285714278
85,78.95833333333333,6.041666666666671
125,103.01204819277109,21.98795180722891
175,175.0,0.0
185,184.62025316455697,0.37974683544302934
110,125.09803921568627,-15.09803921568627
135,135.0,0.0
130,130.0,0.0
80,78.35329341317366,1.6467065868263404
120,114.78260869565217,5.217391304347828
150,132.61904761904762,17.38095238095238
160,190.0,-30.0
120,121.25,-1.25
180,189.0625,-9.0625
130,130.0,0.0
19,19.0,0.0
75,75.0,0.0
150,89.0909090909091,60.90909090909091
165,144.6153846153846,20.384615384615387
130,125.09803921568627,4.901960784313729
95,98.42105263157895,-3.421052631578945
80,80.0,0.0
165,165.0,0.0
155,155.0,0.0
210,193.61111111111111,16.388888888888886
180,180.0,0.0
155,166.25,-11.25
170,155.8426966292135,14.157303370786508
135,80.0,55.0
80,115.0,-35.0
130,135.0,-5.0
105,105.0,0.0
165,165.0,0.0
60,60.0,0.0
130,130.0,0.0
135,149.72222222222223,-14.722222222222229
17,20.0,-3.0
140,129.53488372093022,10.465116279069775
125,125.0,0.0
36,36.0,0.0
205,205.0,0.0
60,86.21575342465754,-26.215753424657535
195,135.0,60.0
55,55.0,0.0
12,16.0,-4.0
12,16.0,-4.0
125,147.94871794871796,-22.948717948717956
105,105.0,0.0
120,121.66666666666667,-1.6666666666666714
170,210.625,-40.625
26,26.0,0.0
100,102.22222222222223,-2.2222222222222285
150,150.0,0.0
40,34.0,6.0
95,95.0,0.0
120,215.0,-95.0
55,85.0,-30.0
115,110.63192904656319,4.368070953436813
115,110.63192904656319,4.368070953436813
80,80.0,0.0
220,220.0,0.0
120,120.8,-0.7999999999999972
165,165.0,0.0
180,175.0,5.0
75,107.91666666666667,-32.91666666666667
145,145.0,0.0
150,100.0,50.0
145,75.0,70.0
105,112.5,-7.5
75,110.36076662908681,-35.36076662908681
140,145.35714285714286,-5.357142857142861
110,150.71428571428572,-40.71428571428572
70,70.0,0.0
135,132.5,2.5
80,80.0,0.0
125,125.0,0.0
145,95.0,50.0
145,145.0,0.0
120,120.0,0.0
135,126.66666666666667,8.333333333333329
155,155.0,0.0
165,155.0,10.0
105,106.96428571428571,-1.9642857142857082
75,85.44444444444444,-10.444444444444443
125,96.81755829903977,28.182441700960226
100,100.0,0.0
150,150.0625,-0.0625
95,74.41176470588235,20.588235294117652
110,110.0,0.0
125,129.5,-4.5
75,75.0,0.0
80,80.0,0.0
145,145.0,0.0
140,140.0,0.0
140,140.0,0.0
140,140.0,0.0
185,171.71875,13.28125
130,130.0,0.0
120,110.5,9.5
140,140.0,0.0
95,127.5,-32.5
195,195.0,0.0
75,75.0,0.0
110,110.0,0.0
170,199.79166666666666,-29.791666666666657
120,115.0,5.0
200,200.0,0.0
95,95.0,0.0
155,155.0,0.0
175,175.0,0.0
165,190.0,-25.0
90,90.0,0.0
85,85.0,0.0
75,95.0,-20.0
170,170.0,0.0
165,165.0,0.0
145,119.11764705882354,25.882352941176464
170,188.8095238095238,-18.809523809523796
16,16.0,0.0
16,16.0,0.0
185,185.0,0.0
155,155.0,0.0
100,100.0,0.0
75,72.5,2.5
160,173.73134328358208,-13.731343283582078
110,120.8,-10.799999999999997
120,110.78947368421052,9.21052631578948
90,126.02941176470588,-36.029411764705884
115,115.625,-0.625
130,132.61904761904762,-2.6190476190476204
195,137.0,58.0
18,18.0,0.0
170,172.22222222222223,-2.2222222222222285
120,120.0,0.0
80,80.0,0.0
135,120.83333333333333,14.166666666666671
90,85.0,5.0
170,170.0,0.0
85,89.30232558139535,-4.302325581395351
200,197.5,2.5
90,91.0,-1.0
150,150.0,0.0
210,210.0,0.0
155,155.0,0.0
210,211.11111111111111,-1.1111111111111143
125,125.0,0.0
150,132.61904761904762,17.38095238095238
135,145.35714285714286,-10.357142857142861
95,95.0,0.0
80,80.0,0.0
125,125.0,0.0
150,150.0,0.0
175,184.73684210526315,-9.73684210526315
205,205.0,0.0
85,73.80952380952381,11.19047619047619
115,115.0,0.0
160,160.0,0.0
175,172.5,2.5
100,111.42857142857143,-11.42857142857143
50,50.0,0.0
185,215.0,-30.0
210,192.5,17.5
135,125.07352941176471,9.92647058823529
145,140.4255319148936,4.574468085106389
155,140.0,15.0
135,135.0,0.0
75,80.0,-5.0
105,108.80952380952381,-3.80952380952381
125,147.94871794871796,-22.948717948717956
145,125.78947368421052,19.21052631578948
155,126.75,28.25
125,125.0,0.0
75,98.42105263157895,-23.421052631578945
135,123.75,11.25
135,135.0,0.0
160,160.0,0.0
125,129.54545454545453,-4.5454545454545325
105,105.0,0.0
190,110.0,80.0
50,50.0,0.0
95,96.81755829903977,-1.8175582990397743
180,179.44444444444446,0.5555555555555429
180,179.44444444444446,0.5555555555555429
95,95.0,0.0
75,90.37037037037037,-15.370370370370367
75,75.0,0.0
75,75.0,0.0
190,190.0,0.0
200,205.0,-5.0
180,145.32258064516128,34.67741935483872
150,151.70454545454547,-1.7045454545454675
130,130.0,0.0
115,115.0,0.0
100,141.31147540983608,-41.31147540983608
95,90.3030303030303,4.696969696969703
105,118.79310344827586,-13.793103448275858
180,173.73134328358208,6.268656716417922
17,17.0,0.0
100,100.0,0.0
24,24.0,0.0
75,75.0,0.0
85,56.666666666666664,28.333333333333336
100,115.18518518518519,-15.18518518518519
105,96.81755829903977,8.182441700960226
80,80.0,0.0
125,125.0,0.0
105,88.3076923076923,16.692307692307693
120,132.0,-12.0
105,130.3125,-25.3125
70,112.54464285714286,-42.54464285714286
135,178.9506172839506,-43.950617283950606
80,85.44444444444444,-5.444444444444443
155,155.0,0.0
90,89.73684210526316,0.2631578947368354
80,79.41176470588235,0.5882352941176521
80,79.41176470588235,0.5882352941176521
85,50.0,35.0
115,125.0,-10.0
100,96.81481481481481,3.1851851851851904
205,205.0,0.0
205,209.5,-4.5
145,145.0,0.0
145,145.0,0.0
85,107.62295081967213,-22.622950819672127
170,170.71428571428572,-0.7142857142857224
160,105.0,55.0
165,147.94871794871796,17.051282051282044
120,120.0,0.0
150,138.16091954022988,11.839080459770116
140,161.07692307692307,-21.076923076923066
80,80.0,0.0
190,193.84615384615384,-3.8461538461538396
20,20.0,0.0
185,188.8095238095238,-3.809523809523796
110,125.67307692307692,-15.67307692307692
80,78.33333333333333,1.6666666666666714
145,145.0,0.0
85,85.0,0.0
100,95.0,5.0
90,90.0,0.0
36,26.0,10.0
120,120.0,0.0
160,160.0,0.0
190,190.0,0.0
175,195.0,-20.0
95,95.0,0.0
130,130.0,0.0
140,111.42857142857143,28.57142857142857
95,73.0952380952381,21.904761904761898
105,105.0,0.0
110,107.0,3.0
85,77.61111111111111,7.388888888888886
85,77.61111111111111,7.388888888888886
140,171.71875,-31.71875
135,133.33333333333334,1.6666666666666572
95,95.0,0.0
145,145.0,0.0
140,130.55555555555554,9.444444444444457
130,130.0,0.0
215,215.41666666666666,-0.4166666666666572
115,125.07352941176471,-10.07352941176471
145,121.44444444444444,23.555555555555557
105,105.0,0.0
155,155.0,0.0
220,220.0,0.0
180,180.0,0.0
155,155.0,0.0
95,96.81755829903977,-1.8175582990397743
105,105.0,0.0
140,118.00366300366301,21.996336996336993
140,125.67307692307692,14.32692307692308
110,110.45454545454545,-0.45454545454545325
130,120.0,10.0
80,80.0,0.0
130,115.39682539682539,14.603174603174608
195,195.0,0.0
140,140.0,0.0
170,170.0,0.0
60,75.9493670886076,-15.949367088607602
150,150.0,0.0
150,150.0,0.0
50,85.0,-35.0
125,135.0,-10.0
145,141.66666666666666,3.333333333333343
115,106.25,8.75
80,80.0,0.0
125,180.0,-55.0
120,120.0,0.0
120,120.0,0.0
210,210.0,0.0
150,215.41666666666666,-65.41666666666666
120,120.0,0.0
215,210.6,4.400000000000006
175,175.0,0.0
180,180.0,0.0
195,221.66666666666666,-26.666666666666657
135,136.25,-1.25
110,96.81755829903977,13.182441700960226
155,147.94871794871796,7.051282051282044
120,130.3125,-10.3125
105,113.91891891891892,-8.91891891891892
135,120.8,14.200000000000003
150,135.3125,14.6875
215,220.0,-5.0
90,90.0,0.0
195,195.0,0.0
145,150.0,-5.0
185,185.0,0.0
120,120.0,0.0
90,116.81818181818181,-26.818181818181813
105,105.0,0.0
120,120.0,0.0
180,180.0,0.0
90,90.0,0.0
210,190.75,19.25
195,161.07692307692307,33.923076923076934
80,80.0,0.0
140,120.0,20.0
130,150.0625,-20.0625
140,140.0,0.0
170,170.0,0.0
185,195.0,-10.0
95,95.0,0.0
190,130.0,60.0
125,186.11111111111111,-61.111111111111114
140,135.0,5.0
125,125.0,0.0
200,195.0,5.0
220,210.6,9.400000000000006
105,105.0,0.0
185,185.0,0.0
160,190.0,-30.0
190,190.0,0.0
160,130.0,30.0
110,110.0,0.0
135,144.7872340425532,-9.787234042553195
170,204.28571428571428,-34.28571428571428
95,90.0,5.0
165,165.0,0.0
80,115.18518518518519,-35.18518518518519
185,185.0,0.0
200,188.0,12.0
44,36.0,8.0
28,38.0,-10.0
80,80.0,0.0
180,180.0,0.0
85,89.8529411764706,-4.852941176470594
65,77.61111111111111,-12.611111111111114
170,170.0,0.0
140,96.81755829903977,43.182441700960226
135,136.875,-1.875
135,132.14285714285714,2.857142857142861
75,75.0,0.0
130,88.2,41.8
130,129.5,0.5
150,178.9506172839506,-28.950617283950606
180,210.6,-30.599999999999994
175,175.0,0.0
12,12.0,0.0
105,118.79310344827586,-13.793103448275858
180,175.76923076923077,4.230769230769226
150,137.61904761904762,12.38095238095238
75,75.0,0.0
125,125.67307692307692,-0.6730769230769198
150,150.0,0.0
80,80.0,0.0
140,85.0,55.0
165,147.94871794871796,17.051282051282044
130,125.07352941176471,4.92647058823529
90,86.21575342465754,3.784246575342465
85,84.15254237288136,0.8474576271186436
125,130.0,-5.0
32,32.0,0.0
95,97.5,-2.5
35,35.0,0.0
85,77.61111111111111,7.388888888888886
125,140.0,-15.0
110,113.33333333333333,-3.3333333333333286
130,135.0,-5.0
150,150.0,0.0
90,90.0,0.0
135,135.0,0.0
200,200.0,0.0
180,133.0,47.0
140,140.0,0.0
100,111.17647058823529,-11.17647058823529
220,193.0,27.0
110,103.88888888888889,6.111111111111114
145,145.0,0.0
115,115.0,0.0
55,96.81755829903977,-41.817558299039774
155,155.0,0.0
120,120.0,0.0
115,105.66666666666667,9.333333333333329
90,86.66666666666667,3.3333333333333286
55,55.0,0.0
55,55.0,0.0
155,215.0,-60.0
95,95.0,0.0
155,155.0,0.0
165,163.33333333333334,1.6666666666666572
75,75.0,0.0
135,126.75,8.25
90,90.0,0.0
90,90.0,0.0
43,30.0,13.0
140,125.09803921568627,14.90196078431373
140,140.0,0.0
160,190.0,-30.0
160,175.0,-15.0
150,150.0,0.0
28,29.0,-1.0
80,80.0,0.0
75,75.0,0.0
210,210.0,0.0
130,149.72222222222223,-19.72222222222223
130,130.0,0.0
105,105.0,0.0
65,65.0,0.0
65,65.0,0.0
95,151.70454545454547,-56.70454545454547
95,95.0,0.0
115,120.55555555555556,-5.555555555555557
115,115.0,0.0
125,125.0,0.0
125,111.42857142857143,13.57142857142857
80,80.0,0.0
150,125.09803921568627,24.90196078431373
110,117.85714285714286,-7.857142857142861
85,80.0,5.0
120,119.28571428571429,0.7142857142857082
60,60.0,0.0
65,110.36076662908681,-45.36076662908681
210,210.0,0.0
140,140.0,0.0
115,115.0,0.0
31,31.0,0.0
130,105.0,25.0
160,160.0,0.0
80,80.0,0.0
205,185.0,20.0
110,96.81755829903977,13.182441700960226
75,75.0,0.0
60,110.36076662908681,-50.36076662908681
120,111.25,8.75
170,161.07692307692307,8.923076923076934
155,155.0,0.0
140,140.0,0.0
140,140.0,0.0
110,110.0,0.0
180,204.76190476190476,-24.76190476190476
110,110.0,0.0
100,100.0,0.0
30,30.0,0.0
165,165.5,-0.5
95,85.44444444444444,9.555555555555557
95,85.44444444444444,9.555555555555557
140,128.33333333333334,11.666666666666657
145,147.70833333333334,-2.708333333333343
145,147.70833333333334,-2.708333333333343
205,188.8095238095238,16.190476190476204
75,75.0,0.0
105,114.78260869565217,-9.782608695652172
130,130.0,0.0
175,175.0,0.0
40,40.0,0.0
75,75.0,0.0
50,55.0,-5.0
85,84.15254237288136,0.8474576271186436
225,210.6,14.400000000000006
150,172.22222222222223,-22.22222222222223
105,105.0,0.0
145,127.33333333333333,17.66666666666667
105,105.0,0.0
85,79.31654676258992,5.6834532374100775
85,150.71428571428572,-65.71428571428572
25,25.0,0.0
100,118.00366300366301,-18.003663003663007
95,95.0,0.0
140,113.33333333333333,26.66666666666667
50,76.85185185185185,-26.851851851851848
90,90.0,0.0
110,120.83333333333333,-10.833333333333329
130,127.77777777777777,2.2222222222222285
70,115.18518518518519,-45.18518518518519
130,130.0,0.0
90,85.44444444444444,4.555555555555557
230,137.61904761904762,92.38095238095238
90,90.0,0.0
105,108.63636363636364,-3.6363636363636402
125,123.75,1.25
145,145.0,0.0
165,165.0,0.0
135,155.0,-20.0
110,110.0,0.0
180,180.0,0.0
160,190.0,-30.0
95,95.0,0.0
220,220.0,0.0
50,82.5,-32.5
95,95.0,0.0
80,77.61111111111111,2.3888888888888857
80,82.43243243243244,-2.432432432432435
110,88.3076923076923,21.692307692307693
135,119.11764705882354,15.882352941176464
145,145.0,0.0
145,145.0,0.0
165,165.0,0.0
140,100.0,40.0
180,220.0,-40.0
95,77.61111111111111,17.388888888888886
80,87.1875,-7.1875
125,120.8,4.200000000000003
110,113.91891891891892,-3.9189189189189193
160,190.75,-30.75
125,125.0,0.0
75,100.0,-25.0
120,103.01204819277109,16.98795180722891
175,170.71428571428572,4.285714285714278
120,120.46666666666667,-0.46666666666666856
110,111.42857142857143,-1.4285714285714306
110,96.81755829903977,13.182441700960226
95,127.37864077669903,-32.37864077669903
195,195.0,0.0
110,60.0,50.0
80,80.0,0.0
185,185.0,0.0
80,80.0,0.0
125,140.4255319148936,-15.425531914893611
155,155.76923076923077,-0.7692307692307736
165,155.0,10.0
55,55.0,0.0
120,125.09803921568627,-5.098039215686271
120,125.09803921568627,-5.098039215686271
90,85.25,4.75
75,75.0,0.0
135,135.0,0.0
60,61.04651162790697,-1.0465116279069733
130,112.54464285714286,17.45535714285714
140,140.0,0.0
130,110.78947368421052,19.21052631578948
33,33.0,0.0
100,100.0,0.0
80,80.0,0.0
105,125.47619047619048,-20.47619047619048
29,29.0,0.0
105,115.18518518518519,-10.18518518518519
140,140.0,0.0
145,110.0,35.0
165,164.0,1.0
225,225.0,0.0
160,160.0,0.0
195,195.0,0.0
195,195.0,0.0
175,165.0,10.0
185,185.0,0.0
120,120.0,0.0
85,63.81578947368421,21.184210526315788
180,135.0,45.0
135,140.0,-5.0
65,77.61111111111111,-12.611111111111114
85,85.0,0.0
15,15.0,0.0
90,89.30232558139535,0.6976744186046488
110,163.19148936170214,-53.19148936170214
95,80.0,15.0
200,205.0,-5.0
135,165.0,-30.0
50,50.0,0.0
100,101.55172413793103,-1.551724137931032
85,84.15254237288136,0.8474576271186436
80,90.0,-10.0
75,107.62295081967213,-32.62295081967213
100,125.0,-25.0
180,165.0,15.0
175,175.0,0.0
185,185.0,0.0
90,85.44444444444444,4.555555555555557
145,116.81818181818181,28.181818181818187
165,164.1796875,0.8203125
75,79.16666666666667,-4.166666666666671
33,33.0,0.0
120,90.0,30.0
145,145.0,0.0
125,143.70967741935485,-18.709677419354847
190,190.0,0.0
165,165.0,0.0
165,185.0,-20.0
140,140.0,0.0
115,115.0,0.0
105,125.35714285714286,-20.35714285714286
22,22.0,0.0
130,115.39682539682539,14.603174603174608
140,140.0,0.0
140,140.0,0.0
29,25.0,4.0
200,200.0,0.0
95,107.62295081967213,-12.622950819672127
140,140.0,0.0
135,137.12328767123287,-2.123287671232873
140,140.0,0.0
90,98.92344497607655,-8.923444976076553
130,130.0,0.0
115,101.73913043478261,13.26086956521739
200,230.0,-30.0
190,220.0,-30.0
75,78.33333333333333,-3.3333333333333286
90,75.0,15.0
110,122.66666666666667,-12.666666666666671
135,135.0,0.0
80,90.0,-10.0
105,105.0,0.0
155,155.0,0.0
145,114.6474358974359,30.352564102564102
195,165.5,29.5
185,203.66666666666666,-18.666666666666657
33,35.0,-2.0
160,160.0,0.0
220,198.36206896551724,21.63793103448276
145,150.0625,-5.0625
95,95.0,0.0
75,75.0,0.0
125,125.0,0.0
120,120.0,0.0
215,171.71875,43.28125
135,135.0,0.0
135,135.0,0.0
90,133.38028169014083,-43.38028169014083
215,210.625,4.375
150,147.94871794871796,2.051282051282044
145,145.0,0.0
145,145.0,0.0
195,160.0,35.0
55,55.0,0.0
205,205.0,0.0
120,135.68627450980392,-15.686274509803923
85,85.0,0.0
100,146.33333333333334,-46.33333333333334
105,103.01204819277109,1.9879518072289102
170,143.70967741935485,26.290322580645153
30,30.0,0.0
110,110.0,0.0
140,153.33333333333334,-13.333333333333343
115,75.0,40.0
180,180.0,0.0
120,119.31818181818181,0.681818181818187
135,220.0,-85.0
44,44.0,0.0
140,117.26190476190476,22.73809523809524
130,75.0,55.0
185,155.0,30.0
95,91.25,3.75
210,209.5,0.5
150,136.875,13.125
85,150.9090909090909,-65.9090909090909
145,88.2,56.8
120,120.0,0.0
90,128.63888888888889,-38.638888888888886
120,114.78260869565217,5.217391304347828
80,55.0,25.0
185,185.0,0.0
150,148.04347826086956,1.9565217391304373
95,93.75,1.25
190,190.0,0.0
215,180.0,35.0
160,160.0,0.0
195,204.76190476190476,-9.76190476190476
190,190.0,0.0
105,105.0,0.0
145,103.01204819277109,41.98795180722891
145,103.01204819277109,41.98795180722891
220,188.8095238095238,31.190476190476204
115,114.0,1.0
125,105.0,20.0
150,161.07692307692307,-11.076923076923066
115,115.0,0.0
155,160.0,-5.0
115,130.0,-15.0
90,119.77272727272727,-29.772727272727266
60,60.0,0.0
135,144.11764705882354,-9.117647058823536
55,55.0,0.0
55,96.81755829903977,-41.817558299039774
90,91.25,-1.25
105,190.0,-85.0
135,123.44827586206897,11.551724137931032
190,190.0,0.0
100,118.33333333333333,-18.33333333333333
80,55.0,25.0
110,110.0,0.0
105,125.47619047619048,-20.47619047619048
170,170.0,0.0
160,160.0,0.0
90,96.66666666666667,-6.666666666666671
105,96.81755829903977,8.182441700960226
125,137.61904761904762,-12.61904761904762
145,145.0,0.0
95,95.0,0.0
80,74.53125,5.46875
115,114.78260869565217,0.21739130434782794
115,91.76470588235294,23.235294117647058
80,95.0,-15.0
210,210.0,0.0
165,166.75,-1.75
200,200.0,0.0
205,185.2803738317757,19.719626168224295
180,155.0,25.0
115,107.62295081967213,7.377049180327873
65,97.71929824561404,-32.71929824561404
55,97.71929824561404,-42.71929824561404
90,120.0,-30.0
200,212.72727272727272,-12.72727272727272
130,107.03125,22.96875
120,120.0,0.0
185,177.83333333333334,7.166666666666657
200,200.0,0.0
230,195.0,35.0
135,135.0,0.0
220,220.0,0.0
150,135.0,15.0
150,150.0,0.0
180,180.0,0.0
185,185.0,0.0
165,165.0,0.0
160,160.0,0.0
125,124.0,1.0
115,115.0,0.0
155,187.10526315789474,-32.10526315789474
43,42.0,1.0
220,220.0,0.0
100,102.5,-2.5
90,108.5,-18.5
22,22.0,0.0
225,212.72727272727272,12.27272727272728
160,146.71610169491527,13.283898305084733
145,180.73529411764707,-35.73529411764707
140,136.5566037735849,3.4433962264151035
225,225.0,0.0
225,225.0,0.0
85,86.42857142857143,-1.4285714285714306
160,160.0,0.0
90,120.625,-30.625
105,108.0,-3.0
105,108.0,-3.0
75,75.0,0.0
125,125.0,0.0
135,107.62295081967213,27.377049180327873
195,166.94444444444446,28.055555555555543
125,133.38028169014083,-8.380281690140833
175,172.94117647058823,2.058823529411768
210,230.0,-20.0
48,48.0,0.0
90,95.0,-5.0
170,170.0,0.0
170,170.0,0.0
130,130.0,0.0
145,145.0,0.0
95,95.0,0.0
130,107.03125,22.96875
160,160.0,0.0
80,185.0,-105.0
185,185.0,0.0
195,155.0,40.0
125,140.0,-15.0
65,117.6923076923077,-52.69230769230769
120,140.0,-20.0
95,135.0,-40.0
190,149.05797101449275,40.94202898550725
150,146.26666666666668,3.73333333333332
135,149.43820224719101,-14.438202247191015
180,205.22727272727272,-25.22727272727272
23,23.0,0.0
125,125.0,0.0
145,149.97113997113996,-4.971139971139962
120,145.0,-25.0
28,25.0,3.0
165,195.0,-30.0
190,225.0,-35.0
65,65.0,0.0
155,152.5,2.5
160,168.75,-8.75
220,220.0,0.0
43,43.0,0.0
90,88.92857142857143,1.0714285714285694
170,170.0,0.0
125,140.0,-15.0
135,128.42105263157896,6.578947368421041
130,130.0,0.0
140,140.0,0.0
140,140.0,0.0
205,175.0,30.0
110,110.0,0.0
155,95.0,60.0
210,210.0,0.0
220,220.0,0.0
185,185.0,0.0
210,210.0,0.0
140,140.73170731707316,-0.731707317073159
125,116.69811320754717,8.301886792452834
80,80.0,0.0
210,210.0,0.0
150,148.95569620253164,1.044303797468359
80,107.03125,-27.03125
50,50.0,0.0
215,194.19354838709677,20.80645161290323
135,135.0,0.0
150,148.10344827586206,1.896551724137936
165,165.0,0.0
165,165.0,0.0
35,35.0,0.0
195,195.0,0.0
80,88.0,-8.0
110,110.0,0.0
130,121.60377358490567,8.396226415094333
110,190.0,-80.0
60,60.0,0.0
145,145.0,0.0
145,145.0,0.0
120,95.08620689655173,24.91379310344827
75,75.0,0.0
75,75.0,0.0
55,55.0,0.0
100,96.08695652173913,3.9130434782608745
130,131.66666666666666,-1.6666666666666572
130,131.66666666666666,-1.6666666666666572
50,50.0,0.0
100,131.25,-31.25
125,125.0,0.0
18,18.0,0.0
120,135.68548387096774,-15.685483870967744
150,149.05797101449275,0.9420289855072497
170,145.0,25.0
85,85.0,0.0
170,170.0,0.0
100,96.66666666666667,3.3333333333333286
100,96.66666666666667,3.3333333333333286
165,140.73170731707316,24.26829268292684
125,134.32432432432432,-9.324324324324323
190,188.33333333333334,1.6666666666666572
120,143.21428571428572,-23.214285714285722
140,140.0,0.0
135,135.0,0.0
95,117.26190476190476,-22.26190476190476
225,225.0,0.0
185,193.0,-8.0
105,105.0,0.0
150,143.57142857142858,6.428571428571416
75,89.8780487804878,-14.878048780487802
150,150.0,0.0
120,109.16666666666667,10.833333333333329
140,140.0,0.0
105,105.0,0.0
95,96.71875,-1.71875
12,12.0,0.0
100,96.5625,3.4375
120,119.5,0.5
95,79.16666666666667,15.833333333333329
145,145.0,0.0
95,95.0,0.0
80,80.0,0.0
110,60.0,50.0
90,88.0,2.0
110,135.0,-25.0
165,170.0,-5.0
175,175.0,0.0
145,125.0,20.0
150,190.6,-40.599999999999994
225,136.25,88.75
220,220.0,0.0
185,149.47916666666666,35.52083333333334
205,120.0,85.0
125,158.42105263157896,-33.42105263157896
170,170.0,0.0
185,185.0,0.0
90,119.77272727272727,-29.772727272727266
100,100.0,0.0
145,187.10526315789474,-42.10526315789474
75,75.0,0.0
115,86.21575342465754,28.784246575342465
135,96.81755829903977,38.182441700960226
140,142.08333333333334,-2.083333333333343
140,142.08333333333334,-2.083333333333343
100,140.0,-40.0
90,89.8780487804878,0.1219512195121979
145,145.0,0.0
140,107.62295081967213,32.37704918032787
135,140.73170731707316,-5.731707317073159
160,149.97113997113996,10.028860028860038
150,197.64084507042253,-47.64084507042253
135,140.0,-5.0
130,149.05797101449275,-19.05797101449275
95,95.0,0.0
70,135.45454545454547,-65.45454545454547
50,50.0,0.0
205,155.8426966292135,49.15730337078651
165,165.0,0.0
150,149.43820224719101,0.5617977528089853
125,125.0,0.0
150,145.0,5.0
135,140.73170731707316,-5.731707317073159
75,75.0,0.0
140,140.0,0.0
80,108.59375,-28.59375
140,135.0,5.0
85,91.0,-6.0
195,195.0,0.0
170,160.0,10.0
230,230.0,0.0
155,155.0,0.0
55,121.57657657657657,-66.57657657657657
130,116.69811320754717,13.301886792452834
85,85.0,0.0
230,212.72727272727272,17.27272727272728
130,118.00366300366301,11.996336996336993
80,80.0,0.0
110,107.0,3.0
150,146.19402985074626,3.8059701492537386
145,144.93150684931507,0.06849315068492956
19,19.0,0.0
145,114.78260869565217,30.217391304347828
205,205.22727272727272,-0.22727272727271952
34,29.0,5.0
160,210.0,-50.0
145,140.0,5.0
130,78.35329341317366,51.64670658682634
170,170.6818181818182,-0.681818181818187
23,34.0,-11.0
135,135.0,0.0
135,140.83333333333334,-5.833333333333343
135,121.60377358490567,13.396226415094333
135,121.60377358490567,13.396226415094333
135,195.0,-60.0
210,193.0,17.0
65,65.0,0.0
12,18.0,-6.0
110,115.5,-5.5
85,82.5,2.5
150,96.08695652173913,53.913043478260875
145,140.73170731707316,4.268292682926841
230,192.5,37.5
150,122.61513157894737,27.38486842105263
220,190.6,29.400000000000006
220,190.6,29.400000000000006
85,121.57657657657657,-36.57657657657657
215,214.21875,0.78125
140,140.58823529411765,-0.5882352941176521
125,150.9090909090909,-25.909090909090907
165,170.0,-5.0
120,121.66666666666667,-1.6666666666666714
180,192.5,-12.5
140,140.0,0.0
170,162.35294117647058,7.64705882352942
17,17.0,0.0
95,118.00366300366301,-23.003663003663007
31,30.0,1.0
210,210.0,0.0
155,155.0,0.0
210,190.2941176470588,19.705882352941188
220,200.0,20.0
165,165.0,0.0
120,107.70270270270271,12.297297297297291
115,115.0,0.0
225,212.72727272727272,12.27272727272728
165,165.0,0.0
140,135.0,5.0
95,135.68548387096774,-40.685483870967744
205,205.0,0.0
110,110.0,0.0
110,110.0,0.0
165,165.0,0.0
180,214.0,-34.0
135,138.006993006993,-3.0069930069930138
110,110.0,0.0
110,96.81481481481481,13.18518518518519
170,115.63492063492063,54.36507936507937
215,201.0,14.0
38,43.0,-5.0
135,135.0,0.0
190,184.27083333333334,5.729166666666657
215,205.0,10.0
215,205.0,10.0
215,204.23076923076923,10.769230769230774
95,95.0,0.0
65,65.0,0.0
135,80.0,55.0
170,167.28571428571428,2.7142857142857224
170,162.35294117647058,7.64705882352942
170,162.35294117647058,7.64705882352942
185,158.33333333333334,26.666666666666657
170,164.9512195121951,5.0487804878048905
170,210.0,-40.0
47,39.0,8.0
51,51.0,0.0
95,96.71875,-1.71875
150,150.0,0.0
115,115.0,0.0
50,110.36076662908681,-60.36076662908681
105,140.73170731707316,-35.73170731707316
120,96.71875,23.28125
145,146.71610169491527,-1.7161016949152668
205,218.92857142857142,-13.928571428571416
155,152.5,2.5
205,205.0,0.0
105,138.006993006993,-33.006993006993014
130,146.33333333333334,-16.333333333333343
100,107.89473684210526,-7.89473684210526
100,82.79569892473118,17.204301075268816
100,82.79569892473118,17.204301075268816
205,191.66666666666666,13.333333333333343
215,206.92307692307693,8.076923076923066
180,160.0,20.0
200,200.0,0.0
135,125.5,9.5
140,140.0,0.0
105,105.0,0.0
130,130.0,0.0
115,115.0,0.0
125,150.9090909090909,-25.909090909090907
105,75.78947368421052,29.21052631578948
135,139.375,-4.375
115,108.72727272727273,6.272727272727266
160,125.0,35.0
160,160.0,0.0
90,117.6923076923077,-27.692307692307693
150,150.0,0.0
140,153.0275229357798,-13.027522935779814
75,75.0,0.0
95,96.81755829903977,-1.8175582990397743
75,107.89473684210526,-32.89473684210526
215,178.9506172839506,36.049382716049394
120,90.89622641509433,29.103773584905667
200,214.21875,-14.21875
130,146.71610169491527,-16.716101694915267
215,205.22727272727272,9.77272727272728
215,205.22727272727272,9.77272727272728
165,137.96875,27.03125
220,165.0,55.0
165,175.0,-10.0
120,120.0,0.0
100,107.0,-7.0
50,50.0,0.0
135,127.33333333333333,7.666666666666671
155,128.42105263157896,26.57894736842104
31,31.0,0.0
130,130.0,0.0
220,220.0,0.0
105,93.0,12.0
125,149.05797101449275,-24.05797101449275
220,220.0,0.0
185,181.25,3.75
225,219.52380952380952,5.476190476190482
85,119.77272727272727,-34.772727272727266
230,199.82456140350877,30.175438596491233
150,95.0,55.0
140,107.89473684210526,32.10526315789474
135,131.11111111111111,3.8888888888888857
145,152.89473684210526,-7.89473684210526
220,220.0,0.0
125,127.93103448275862,-2.931034482758619
125,127.93103448275862,-2.931034482758619
95,95.0,0.0
190,197.64084507042253,-7.640845070422529
130,130.0,0.0
50,50.0,0.0
125,125.0,0.0
33,43.0,-10.0
205,215.0,-10.0
135,135.0,0.0
100,100.0,0.0
195,150.9090909090909,44.09090909090909
190,197.64084507042253,-7.640845070422529
140,148.19148936170214,-8.19148936170214
135,110.0,25.0
155,166.94444444444446,-11.944444444444457
85,136.57894736842104,-51.57894736842104
38,47.0,-9.0
70,100.0,-30.0
85,85.0,0.0
150,199.66666666666666,-49.66666666666666
205,205.0,0.0
140,119.77272727272727,20.227272727272734
46,46.0,0.0
145,132.26415094339623,12.735849056603769
90,50.90909090909091,39.09090909090909
75,75.0,0.0
175,179.44444444444446,-4.444444444444457
135,135.0,0.0
50,50.0,0.0
145,203.33333333333334,-58.33333333333334
180,182.25,-2.25
125,110.0,15.0
150,150.0,0.0
95,116.69811320754717,-21.698113207547166
105,138.006993006993,-33.006993006993014
195,132.35294117647058,62.64705882352942
195,215.0,-20.0
215,215.0,0.0
155,155.0,0.0
110,107.28260869565217,2.717391304347828
125,90.0,35.0
165,167.28571428571428,-2.2857142857142776
75,152.89473684210526,-77.89473684210526
130,149.05797101449275,-19.05797101449275
155,180.73529411764707,-25.735294117647072
105,105.0,0.0
125,121.60377358490567,3.3962264150943327
24,24.0,0.0
100,100.0,0.0
115,115.0,0.0
140,150.0,-10.0
190,190.0,0.0
125,125.0,0.0
125,125.0,0.0
41,41.0,0.0
185,199.82456140350877,-14.824561403508767
135,96.81755829903977,38.182441700960226
145,145.0,0.0
95,95.0,0.0
135,173.88888888888889,-38.888888888888886
150,150.0,0.0
130,133.125,-3.125
135,121.57657657657657,13.42342342342343
215,190.0,25.0
20,27.0,-7.0
120,86.14285714285714,33.85714285714286
50,75.78947368421052,-25.78947368421052
75,163.33333333333334,-88.33333333333334
195,206.92307692307693,-11.923076923076934
170,170.0,0.0
180,149.97113997113996,30.028860028860038
150,96.81755829903977,53.182441700960226
90,114.78260869565217,-24.782608695652172
210,212.72727272727272,-2.7272727272727195
50,50.0,0.0
75,75.0,0.0
135,135.68548387096774,-0.6854838709677438
185,185.0,0.0
70,70.0,0.0
145,145.0,0.0
130,130.0,0.0
160,140.73170731707316,19.26829268292684
185,185.0,0.0
190,182.25,7.75
16,26.0,-10.0
105,105.0,0.0
155,149.97113997113996,5.028860028860038
145,80.0,65.0
225,212.2,12.800000000000011
215,215.0,0.0
155,200.0,-45.0
90,127.3076923076923,-37.30769230769231
90,90.0,0.0
95,88.57142857142857,6.428571428571431
145,139.375,5.625
180,106.25,73.75
145,114.8076923076923,30.192307692307693
85,93.0,-8.0
28,28.0,0.0
165,165.0,0.0
210,210.0,0.0
185,181.20689655172413,3.793103448275872
155,155.0,0.0
175,175.0,0.0
26,26.0,0.0
90,116.69811320754717,-26.698113207547166
15,15.0,0.0
125,125.0,0.0
125,124.44444444444444,0.5555555555555571
140,107.89473684210526,32.10526315789474
220,180.08771929824562,39.91228070175438
145,145.0,0.0
120,132.35294117647058,-12.35294117647058
175,210.0,-35.0
200,201.25,-1.25
165,135.0,30.0
145,140.0,5.0
80,110.36076662908681,-30.36076662908681
150,182.0,-32.0
140,140.73170731707316,-0.731707317073159
70,99.78494623655914,-29.784946236559136
95,95.08620689655173,-0.08620689655172953
210,200.0,10.0
215,215.0,0.0
215,215.0,0.0
170,170.0,0.0
75,65.0,10.0
75,88.92857142857143,-13.92857142857143
75,118.00366300366301,-43.00366300366301
75,125.0,-50.0
180,149.97113997113996,30.028860028860038
195,195.0,0.0
165,140.0,25.0
225,222.14285714285714,2.857142857142861
210,210.0,0.0
145,107.28260869565217,37.71739130434783
105,109.73684210526316,-4.736842105263165
135,167.28571428571428,-32.28571428571428
120,81.07142857142857,38.92857142857143
155,146.19402985074626,8.805970149253739
19,19.0,0.0
115,115.0,0.0
180,181.25,-1.25
180,180.0,0.0
180,150.9090909090909,29.090909090909093
200,200.0,0.0
130,101.09756097560975,28.902439024390247
125,101.09756097560975,23.902439024390247
150,150.0,0.0
140,135.0,5.0
120,95.08620689655173,24.91379310344827
210,205.22727272727272,4.7727272727272805
150,96.81755829903977,53.182441700960226
18,18.0,0.0
75,107.03125,-32.03125
28,28.0,0.0
195,195.17241379310346,-0.17241379310345906
49,45.0,4.0
175,175.0,0.0
185,181.20689655172413,3.793103448275872
205,206.66666666666666,-1.6666666666666572
115,115.0,0.0
100,100.0,0.0
155,149.47916666666666,5.520833333333343
90,90.0,0.0
130,180.73529411764707,-50.73529411764707
225,197.64084507042253,27.35915492957747
150,163.33333333333334,-13.333333333333343
130,149.97113997113996,-19.971139971139962
140,107.03125,32.96875
190,179.44444444444446,10.555555555555543
155,160.0,-5.0
210,210.0,0.0
145,127.5,17.5
50,50.0,0.0
150,109.16666666666667,40.83333333333333
100,105.0,-5.0
180,149.97113997113996,30.028860028860038
150,126.43076923076923,23.56923076923077
65,120.0,-55.0
65,96.81755829903977,-31.817558299039774
105,97.01923076923077,7.980769230769226
135,130.0,5.0
50,115.63492063492063,-65.63492063492063
17,17.0,0.0
130,133.75,-3.75
185,185.0,0.0
120,120.0,0.0
185,185.0,0.0
120,110.0,10.0
185,185.0,0.0
130,140.0,-10.0
130,149.97113997113996,-19.971139971139962
215,182.25,32.75
145,150.9090909090909,-5.9090909090909065
135,135.0,0.0
215,219.52380952380952,-4.523809523809518
50,50.0,0.0
120,120.0,0.0
135,138.006993006993,-3.0069930069930138
230,197.64084507042253,32.35915492957747
145,145.0,0.0
85,116.69811320754717,-31.698113207547166
95,95.0,0.0
140,140.0,0.0
20,20.0,0.0
80,80.0,0.0
80,80.0,0.0
11,11.0,0.0
170,206.92307692307693,-36.923076923076934
205,205.0,0.0
205,205.0,0.0
165,155.0,10.0
170,170.0,0.0
145,127.93103448275862,17.06896551724138
180,180.0,0.0
125,149.47916666666666,-24.479166666666657
185,182.25,2.75
230,230.0,0.0
175,178.75,-3.75
31,31.0,0.0
200,195.0,5.0
75,65.0,10.0
200,212.72727272727272,-12.72727272727272
145,136.22641509433961,8.773584905660385
125,125.0,0.0
95,88.92857142857143,6.071428571428569
90,90.0,0.0
180,170.6818181818182,9.318181818181813
55,55.0,0.0
155,179.44444444444446,-24.444444444444457
44,44.0,0.0
135,135.0,0.0
120,101.09756097560975,18.902439024390247
120,120.46666666666667,-0.46666666666666856
120,120.46666666666667,-0.46666666666666856
75,71.52849740932642,3.4715025906735804
75,96.81755829903977,-21.817558299039774
80,91.76470588235294,-11.764705882352942
190,190.0,0.0
145,149.97113997113996,-4.971139971139962
80,121.60377358490567,-41.60377358490567
180,178.75,1.25
100,100.0,0.0
160,160.0,0.0
220,181.36363636363637,38.636363636363626
19,19.0,0.0
190,140.73170731707316,49.26829268292684
145,130.0,15.0
165,138.006993006993,26.993006993006986
150,190.6,-40.599999999999994
150,111.0,39.0
225,224.27083333333334,0.7291666666666572
25,25.0,0.0
21,21.0,0.0
145,145.0,0.0
75,75.0,0.0
200,185.2803738317757,14.719626168224295
210,214.28571428571428,-4.285714285714278
150,150.0,0.0
135,150.9090909090909,-15.909090909090907
95,95.0,0.0
80,80.0,0.0
135,133.0,2.0
195,205.0,-10.0
160,215.0,-55.0
200,203.75,-3.75
200,203.75,-3.75
130,130.0,0.0
115,115.0,0.0
24,24.0,0.0
95,95.0,0.0
105,121.60377358490567,-16.603773584905667
105,121.60377358490567,-16.603773584905667
215,181.20689655172413,33.79310344827587
155,165.0,-10.0
180,190.83333333333334,-10.833333333333343
165,138.006993006993,26.993006993006986
175,152.89473684210526,22.10526315789474
140,121.60377358490567,18.396226415094333
115,133.38028169014083,-18.380281690140833
80,80.0,0.0
190,197.64084507042253,-7.640845070422529
130,127.5,2.5
195,195.0,0.0
170,166.25,3.75
90,90.0,0.0
155,155.0,0.0
205,208.125,-3.125
165,165.0,0.0
115,115.0,0.0
150,133.5,16.5
175,175.0,0.0
145,160.0,-15.0
130,130.0,0.0
39,28.0,11.0
215,212.5,2.5
190,190.0,0.0
120,118.00366300366301,1.9963369963369928
155,179.44444444444446,-24.444444444444457
65,65.0,0.0
125,145.0,-20.0
220,212.2,7.800000000000011
225,216.5625,8.4375
190,197.64084507042253,-7.640845070422529
100,107.3913043478261,-7.391304347826093
220,220.0,0.0
125,115.63492063492063,9.365079365079367
190,190.0,0.0
80,88.3076923076923,-8.307692307692307
80,88.3076923076923,-8.307692307692307
155,190.83333333333334,-35.83333333333334
90,90.0,0.0
140,95.08620689655173,44.91379310344827
90,86.21575342465754,3.784246575342465
135,112.5,22.5
170,187.10526315789474,-17.10526315789474
115,118.00366300366301,-3.003663003663007
110,107.61904761904762,2.3809523809523796
110,107.61904761904762,2.3809523809523796
185,197.64084507042253,-12.640845070422529
170,170.0,0.0
125,125.0,0.0
200,158.42105263157896,41.57894736842104
150,150.0,0.0
170,170.0,0.0
170,170.0,0.0
180,180.0,0.0
105,140.73170731707316,-35.73170731707316
135,116.69811320754717,18.301886792452834
135,132.22222222222223,2.7777777777777715
110,133.54166666666666,-23.541666666666657
140,133.54166666666666,6.458333333333343
125,141.0,-16.0
190,190.0,0.0
100,100.0,0.0
175,148.19148936170214,26.80851063829786
150,165.0,-15.0
130,150.0,-20.0
185,185.0,0.0
90,110.36076662908681,-20.36076662908681
135,140.71428571428572,-5.714285714285722
100,100.0,0.0
120,82.5,37.5
130,136.0,-6.0
140,136.25,3.75
150,115.63492063492063,34.36507936507937
100,100.0,0.0
100,100.0,0.0
60,99.16017316017316,-39.16017316017316
85,96.81755829903977,-11.817558299039774
230,197.64084507042253,32.35915492957747
160,123.44827586206897,36.55172413793103
130,138.03030303030303,-8.030303030303031
85,85.0,0.0
150,150.0,0.0
37,37.0,0.0
41,38.0,3.0
135,128.26923076923077,6.730769230769226
80,80.0,0.0
105,190.0,-85.0
95,112.85714285714286,-17.85714285714286
105,106.88118811881188,-1.8811881188118775
200,202.5,-2.5
165,206.92307692307693,-41.923076923076934
100,110.5,-10.5
145,145.0,0.0
165,170.6818181818182,-5.681818181818187
115,115.0,0.0
150,136.25,13.75
115,117.6923076923077,-2.6923076923076934
160,195.0,-35.0
115,120.0,-5.0
130,150.0,-20.0
125,194.0909090909091,-69.0909090909091
95,95.0,0.0
95,95.0,0.0
135,136.5566037735849,-1.5566037735848965
105,105.0,0.0
145,128.42105263157896,16.57894736842104
140,118.33333333333333,21.66666666666667
190,215.0,-25.0
180,180.0,0.0
120,100.625,19.375
37,38.0,-1.0
100,100.0,0.0
150,150.0,0.0
150,133.125,16.875
110,146.91176470588235,-36.91176470588235
155,149.0,6.0
29,34.0,-5.0
205,205.0,0.0
175,149.97113997113996,25.028860028860038
110,110.45454545454545,-0.45454545454545325
145,215.0,-70.0
125,125.0,0.0
55,55.0,0.0
150,150.0,0.0
110,110.0,0.0
180,197.64084507042253,-17.64084507042253
85,121.57657657657657,-36.57657657657657
70,70.0,0.0
150,132.22222222222223,17.77777777777777
120,123.44827586206897,-3.448275862068968
220,220.0,0.0
190,180.0,10.0
75,75.0,0.0
75,75.0,0.0
150,136.34146341463415,13.658536585365852
95,95.0,0.0
95,95.0,0.0
215,209.47916666666666,5.520833333333343
85,107.03125,-22.03125
180,125.0,55.0
150,137.96875,12.03125
90,121.54320987654322,-31.543209876543216
200,150.0,50.0
205,170.0,35.0
135,121.57657657657657,13.42342342342343
48,53.0,-5.0
130,128.36065573770492,1.639344262295083
165,131.25,33.75
230,222.14285714285714,7.857142857142861
75,75.0,0.0
75,75.0,0.0
170,170.0,0.0
185,160.0,25.0
195,205.0,-10.0
155,230.0,-75.0
140,140.71428571428572,-0.7142857142857224
145,119.77272727272727,25.227272727272734
38,38.0,0.0
130,149.97113997113996,-19.971139971139962
135,142.08333333333334,-7.083333333333343
52,37.0,15.0
70,105.98591549295774,-35.985915492957744
80,80.0,0.0
175,175.0,0.0
135,127.3076923076923,7.692307692307693
120,120.0,0.0
75,75.0,0.0
130,121.60377358490567,8.396226415094333
145,96.81755829903977,48.182441700960226
190,220.0,-30.0
220,225.0,-5.0
160,149.97113997113996,10.028860028860038
105,130.0,-25.0
105,104.11764705882354,0.8823529411764639
100,128.13782991202345,-28.13782991202345
180,165.0,15.0
140,135.0,5.0
115,101.09756097560975,13.902439024390247
165,142.30769230769232,22.69230769230768
135,194.0909090909091,-59.09090909090909
105,101.09756097560975,3.9024390243902474
110,105.9090909090909,4.0909090909090935
50,50.0,0.0
130,142.30769230769232,-12.30769230769232
165,120.46666666666667,44.53333333333333
115,131.83333333333334,-16.833333333333343
130,128.13782991202345,1.8621700879765513
50,57.22222222222222,-7.222222222222221
175,197.64084507042253,-22.64084507042253
140,135.68548387096774,4.314516129032256
110,81.07142857142857,28.92857142857143
130,130.0,0.0
75,106.99386503067484,-31.99386503067484
75,96.81755829903977,-21.817558299039774
225,227.5,-2.5
80,80.0,0.0
90,88.3076923076923,1.6923076923076934
140,138.03030303030303,1.9696969696969688
130,131.25,-1.25
195,201.0,-6.0
160,160.0,0.0
38,38.0,0.0
54,48.0,6.0
110,118.75,-8.75
24,29.0,-5.0
16,16.0,0.0
115,101.09756097560975,13.902439024390247
130,130.0,0.0
100,100.0,0.0
175,175.0,0.0
195,195.0,0.0
26,26.0,0.0
190,206.5,-16.5
65,62.142857142857146,2.857142857142854
155,205.22727272727272,-50.22727272727272
130,130.0,0.0
140,144.83333333333334,-4.833333333333343
105,105.0,0.0
125,171.25,-46.25
170,170.0,0.0
155,155.0,0.0
195,155.0,40.0
90,95.0,-5.0
165,146.71610169491527,18.283898305084733
85,88.97435897435898,-3.974358974358978
125,132.22222222222223,-7.2222222222222285
125,125.0,0.0
210,209.47916666666666,0.5208333333333428
150,130.0,20.0
135,135.0,0.0
160,160.0,0.0
165,165.57692307692307,-0.576923076923066
170,170.0,0.0
95,116.69811320754717,-21.698113207547166
145,140.15151515151516,4.848484848484844
130,118.00366300366301,11.996336996336993
165,165.0,0.0
125,105.9090909090909,19.090909090909093
160,177.69230769230768,-17.69230769230768
125,125.0,0.0
125,125.0,0.0
175,107.89473684210526,67.10526315789474
54,37.0,17.0
75,110.0,-35.0
135,135.0,0.0
100,100.0,0.0
90,81.42857142857143,8.57142857142857
105,105.0,0.0
125,125.0,0.0
100,100.0,0.0
125,140.0,-15.0
90,90.0,0.0
90,75.78947368421052,14.21052631578948
190,197.64084507042253,-7.640845070422529
65,115.63492063492063,-50.63492063492063
170,170.0,0.0
70,70.0,0.0
140,114.8076923076923,25.192307692307693
160,129.75,30.25
150,125.0,25.0
190,190.0,0.0
130,150.0,-20.0
95,96.81481481481481,-1.8148148148148096
145,145.0,0.0
85,85.0,0.0
230,175.0,55.0
125,138.03030303030303,-13.030303030303031
180,180.0,0.0
180,180.0,0.0
180,180.0,0.0
170,185.0,-15.0
180,185.0,-5.0
110,107.0,3.0
70,86.0,-16.0
150,146.71610169491527,3.2838983050847332
115,115.0,0.0
170,185.2803738317757,-15.280373831775705
145,112.22222222222223,32.77777777777777
135,116.69811320754717,18.301886792452834
100,115.73569482288828,-15.735694822888277
70,107.70270270270271,-37.70270270270271
135,127.33333333333333,7.666666666666671
170,170.0,0.0
190,179.44444444444446,10.555555555555543
120,109.73684210526316,10.263157894736835
100,105.98591549295774,-5.985915492957744
35,35.0,0.0
70,96.81755829903977,-26.817558299039774
85,101.09756097560975,-16.097560975609753
85,85.0,0.0
150,75.0,75.0
105,125.0,-20.0
135,171.25,-36.25
125,135.0,-10.0
135,132.03125,2.96875
120,110.36076662908681,9.639233370913189
65,85.0,-20.0
215,215.0,0.0
215,190.83333333333334,24.166666666666657
60,90.0,-30.0
85,82.79569892473118,2.204301075268816
85,82.79569892473118,2.204301075268816
110,95.55555555555556,14.444444444444443
190,194.19354838709677,-4.193548387096769
16,16.0,0.0
110,99.11764705882354,10.882352941176464
80,80.0,0.0
75,96.71875,-21.71875
150,150.0,0.0
225,194.19354838709677,30.80645161290323
140,230.0,-90.0
125,86.14285714285714,38.85714285714286
55,55.0,0.0
55,55.0,0.0
100,114.44444444444444,-14.444444444444443
150,136.5566037735849,13.443396226415103
55,55.0,0.0
14,14.0,0.0
125,96.5625,28.4375
100,100.0,0.0
220,194.0909090909091,25.909090909090907
145,149.97113997113996,-4.971139971139962
145,149.97113997113996,-4.971139971139962
130,115.73569482288828,14.264305177111723
100,82.79569892473118,17.204301075268816
175,197.64084507042253,-22.64084507042253
125,125.0,0.0
50,99.28571428571429,-49.28571428571429
140,138.03030303030303,1.9696969696969688
140,138.03030303030303,1.9696969696969688
25,25.0,0.0
145,121.54320987654322,23.456790123456784
200,185.0,15.0
190,130.0,60.0
130,148.19148936170214,-18.19148936170214
170,170.0,0.0
80,96.81481481481481,-16.81481481481481
165,190.83333333333334,-25.833333333333343
120,86.0,34.0
140,148.19148936170214,-8.19148936170214
105,140.0,-35.0
145,96.71875,48.28125
85,85.0,0.0
135,140.73170731707316,-5.731707317073159
155,155.0,0.0
65,100.0,-35.0
28,26.0,2.0
150,120.3225806451613,29.677419354838705
110,129.0,-19.0
135,120.0,15.0
165,165.0,0.0
145,142.08333333333334,2.916666666666657
145,142.08333333333334,2.916666666666657
180,115.0,65.0
220,220.0,0.0
170,155.0,15.0
160,160.0,0.0
140,140.0,0.0
120,109.23076923076923,10.769230769230774
175,230.0,-55.0
145,144.42857142857142,0.5714285714285836
125,125.0,0.0
150,150.0,0.0
90,83.92857142857143,6.071428571428569
220,125.0,95.0
65,110.5,-45.5
95,95.0,0.0
130,225.0,-95.0
65,65.0,0.0
65,65.0,0.0
205,205.0,0.0
130,185.0,-55.0
200,200.0,0.0
140,120.3225806451613,19.677419354838705
105,115.73569482288828,-10.735694822888277
145,145.0,0.0
23,27.0,-4.0
155,155.0,0.0
135,178.9506172839506,-43.950617283950606
180,220.0,-40.0
160,160.0,0.0
130,121.54320987654322,8.456790123456784
150,150.0,0.0
36,36.0,0.0
65,84.0,-19.0
150,136.66666666666666,13.333333333333343
90,105.9090909090909,-15.909090909090907
175,145.0,30.0
145,65.0,80.0
160,185.2803738317757,-25.280373831775705
210,166.75,43.25
175,175.0,0.0
80,125.5,-45.5
120,107.61904761904762,12.38095238095238
125,140.0,-15.0
125,180.73529411764707,-55.73529411764707
140,140.0,0.0
145,99.16017316017316,45.83982683982684
125,120.0,5.0
90,116.0,-26.0
80,140.15151515151516,-60.151515151515156
120,120.0,0.0
25,27.0,-2.0
220,220.0,0.0
210,215.0,-5.0
215,195.0,20.0
175,201.0,-26.0
90,90.0,0.0
135,117.77777777777777,17.22222222222223
150,147.33333333333334,2.666666666666657
150,150.9090909090909,-0.9090909090909065
180,180.0,0.0
125,135.68548387096774,-10.685483870967744
42,42.0,0.0
220,218.92857142857142,1.0714285714285836
190,204.23076923076923,-14.230769230769226
155,195.0,-40.0
140,148.95569620253164,-8.955696202531641
160,170.0,-10.0
225,210.0,15.0
165,165.0,0.0
130,140.0,-10.0
220,192.5,27.5
140,149.47916666666666,-9.479166666666657
170,130.0,40.0
160,170.0,-10.0
165,200.0,-35.0
40,36.0,4.0
100,100.0,0.0
120,98.07692307692308,21.92307692307692
180,167.28571428571428,12.714285714285722
115,100.0,15.0
130,130.0,0.0
140,119.54545454545455,20.454545454545453
60,60.0,0.0
90,105.0,-15.0
195,230.0,-35.0
175,210.0,-35.0
130,110.45454545454545,19.545454545454547
125,125.0,0.0
180,75.0,105.0
135,120.625,14.375
100,100.0,0.0
130,130.0,0.0
200,230.0,-30.0
135,135.0,0.0
195,133.0,62.0
160,166.75,-6.75
120,50.0,70.0
90,90.0,0.0
110,90.0,20.0
110,107.89473684210526,2.10526315789474
200,210.0,-10.0
225,225.0,0.0
165,147.33333333333334,17.666666666666657
140,147.33333333333334,-7.333333333333343
32,32.0,0.0
75,75.0,0.0
210,197.64084507042253,12.359154929577471
195,167.5,27.5
120,120.0,0.0
140,140.0,0.0
95,94.2687074829932,0.731292517006807
90,90.0,0.0
100,100.0,0.0
80,80.0,0.0
110,105.0,5.0
200,208.63636363636363,-8.636363636363626
14,14.0,0.0
130,131.36363636363637,-1.363636363636374
150,150.0,0.0
22,24.0,-2.0
110,110.0,0.0
115,125.0,-10.0
70,70.0,0.0
95,87.10526315789474,7.89473684210526
135,134.24242424242425,0.7575757575757507
120,125.45454545454545,-5.454545454545453
75,75.0,0.0
70,67.5,2.5
70,65.28089887640449,4.719101123595507
95,65.0,30.0
145,140.0,5.0
60,68.23529411764706,-8.235294117647058
120,121.25,-1.25
90,90.0,0.0
80,73.4375,6.5625
110,111.19565217391305,-1.1956521739130466
140,140.0,0.0
140,115.0,25.0
90,90.0,0.0
75,115.0,-40.0
120,125.48387096774194,-5.483870967741936
90,80.35714285714286,9.642857142857139
145,110.0,35.0
155,117.91666666666667,37.08333333333333
140,120.0,20.0
85,75.0,10.0
70,70.0,0.0
100,135.0,-35.0
75,66.875,8.125
140,115.0,25.0
95,95.0,0.0
145,130.0,15.0
90,90.0,0.0
65,65.0,0.0
95,95.0,0.0
90,50.0,40.0
95,95.0,0.0
80,80.0,0.0
145,115.0,30.0
60,60.0,0.0
115,118.65384615384616,-3.6538461538461604
95,95.0,0.0
120,125.48387096774194,-5.483870967741936
120,125.48387096774194,-5.483870967741936
105,95.0,10.0
85,78.0,7.0
65,65.0,0.0
60,120.0,-60.0
65,68.23529411764706,-3.235294117647058
120,115.0,5.0
100,110.0,-10.0
95,95.0,0.0
85,105.0,-20.0
60,60.0,0.0
110,85.0,25.0
85,115.35714285714286,-30.35714285714286
125,125.0,0.0
105,50.0,55.0
145,145.0,0.0
95,95.0,0.0
100,145.0,-45.0
85,130.0,-45.0
165,155.0,10.0
90,111.66666666666667,-21.66666666666667
120,112.5,7.5
120,112.5,7.5
120,112.5,7.5
125,125.0,0.0
145,118.87755102040816,26.122448979591837
95,101.25,-6.25
100,96.25,3.75
24,24.0,0.0
75,75.0,0.0
145,107.5925925925926,37.407407407407405
50,50.0,0.0
100,103.28571428571429,-3.285714285714292
85,85.38461538461539,-0.3846153846153868
10,10.0,0.0
60,60.0,0.0
85,108.63636363636364,-23.63636363636364
120,130.0,-10.0
13,16.0,-3.0
85,65.83333333333333,19.16666666666667
12,12.0,0.0
50,50.0,0.0
130,126.6,3.4000000000000057
65,65.0,0.0
90,121.66666666666667,-31.66666666666667
155,155.0,0.0
145,145.0,0.0
105,79.48148148148148,25.51851851851852
115,88.75,26.25
65,95.0,-30.0
70,61.81818181818182,8.18181818181818
80,80.0,0.0
85,85.0,0.0
85,85.0,0.0
130,131.09756097560975,-1.0975609756097526
80,116.52173913043478,-36.52173913043478
100,100.0,0.0
105,103.28571428571429,1.7142857142857082
115,115.0,0.0
90,90.0,0.0
95,95.0,0.0
120,120.0,0.0
150,150.0,0.0
60,60.0,0.0
100,110.84269662921348,-10.842696629213478
100,112.5,-12.5
27,36.0,-9.0
130,170.0,-40.0
23,26.0,-3.0
95,90.0,5.0
60,60.0,0.0
75,115.0,-40.0
75,115.0,-40.0
23,23.0,0.0
65,90.0,-25.0
110,124.97409326424871,-14.974093264248708
115,117.3913043478261,-2.391304347826093
130,93.75,36.25
100,107.76923076923077,-7.769230769230774
105,104.5,0.5
65,65.0,0.0
70,91.09375,-21.09375
100,85.0,15.0
55,55.0,0.0
145,145.0,0.0
110,110.0,0.0
105,98.07692307692308,6.92307692307692
85,85.0,0.0
135,115.09216589861751,19.90783410138249
60,65.0,-5.0
140,140.0,0.0
120,119.0,1.0
95,93.0,2.0
80,77.5,2.5
95,95.0,0.0
135,125.48387096774194,9.516129032258064
105,105.8282208588957,-0.8282208588957047
145,110.0,35.0
85,50.0,35.0
145,145.0,0.0
85,85.0,0.0
205,205.0,0.0
100,145.0,-45.0
50,50.0,0.0
75,95.0,-20.0
95,79.48148148148148,15.518518518518519
85,85.0,0.0
130,130.0,0.0
100,100.0,0.0
80,80.0,0.0
75,95.0,-20.0
125,125.0,0.0
65,89.30232558139535,-24.30232558139535
60,60.0,0.0
75,76.66666666666667,-1.6666666666666714
110,110.84269662921348,-0.8426966292134779
19,17.0,2.0
85,135.0,-50.0
105,105.0,0.0
60,85.0,-25.0
26,26.0,0.0
140,95.0,45.0
125,125.48387096774194,-0.48387096774193594
125,120.0,5.0
125,120.0,5.0
95,89.30232558139535,5.697674418604649
95,95.0,0.0
85,85.0,0.0
75,60.0,15.0
130,105.55555555555556,24.444444444444443
65,65.0,0.0
115,115.0,0.0
100,110.84269662921348,-10.842696629213478
65,65.0,0.0
120,110.0,10.0
85,82.0,3.0
85,120.0,-35.0
135,140.0,-5.0
115,115.0,0.0
90,90.0,0.0
100,117.4390243902439,-17.4390243902439
120,120.0,0.0
85,85.0,0.0
125,110.0,15.0
150,150.0,0.0
95,95.0,0.0
100,98.94736842105263,1.05263157894737
90,90.0,0.0
70,70.0,0.0
125,140.0,-15.0
80,80.38461538461539,-0.3846153846153868
150,150.0,0.0
125,125.0,0.0
100,117.3913043478261,-17.391304347826093
145,124.97409326424871,20.025906735751292
130,130.0,0.0
125,75.0,50.0
100,100.0,0.0
90,90.0,0.0
90,90.0,0.0
125,145.0,-20.0
140,140.0,0.0
130,130.0,0.0
95,87.10526315789474,7.89473684210526
85,85.0,0.0
95,90.0,5.0
95,75.0,20.0
85,87.10526315789474,-2.10526315789474
115,165.0,-50.0
18,20.0,-2.0
120,131.97452229299364,-11.97452229299364
90,90.0,0.0
90,90.0,0.0
85,90.0,-5.0
75,75.0,0.0
85,75.0,10.0
145,145.0,0.0
105,110.84269662921348,-5.842696629213478
95,60.0,35.0
115,135.0,-20.0
135,134.24242424242425,0.7575757575757507
115,135.0,-20.0
110,110.0,0.0
100,115.0,-15.0
140,140.0,0.0
80,80.0,0.0
75,75.0,0.0
85,85.0,0.0
145,90.0,55.0
105,88.55670103092784,16.44329896907216
26,26.0,0.0
50,50.0,0.0
50,50.0,0.0
29,29.0,0.0
80,80.0,0.0
80,80.0,0.0
90,90.0,0.0
85,85.0,0.0
115,113.2258064516129,1.7741935483871032
80,80.0,0.0
70,74.6470588235294,-4.647058823529406
90,80.0,10.0
125,125.0,0.0
125,127.63888888888889,-2.6388888888888857
90,74.90384615384616,15.09615384615384
85,85.0,0.0
60,67.5,-7.5
140,110.0,30.0
85,85.0,0.0
115,115.0,0.0
130,130.0,0.0
21,21.0,0.0
125,110.0,15.0
110,121.875,-11.875
80,80.0,0.0
125,124.97409326424871,0.025906735751291876
80,79.70588235294117,0.29411764705882604
95,95.0,0.0
19,19.0,0.0
75,111.19565217391305,-36.19565217391305
85,85.0,0.0
135,145.0,-10.0
140,115.0,25.0
80,76.47058823529412,3.529411764705884
50,68.72289156626506,-18.722891566265062
115,126.6,-11.599999999999994
27,18.0,9.0
140,105.8282208588957,34.171779141104295
65,69.76190476190476,-4.761904761904759
60,59.375,0.625
60,59.375,0.625
100,89.30232558139535,10.697674418604649
95,115.0,-20.0
150,150.0,0.0
70,60.0,10.0
85,89.78260869565217,-4.782608695652172
95,115.0,-20.0
75,74.90384615384616,0.0961538461538396
90,50.0,40.0
80,95.0,-15.0
60,60.0,0.0
75,75.0,0.0
125,131.97452229299364,-6.97452229299364
115,114.0,1.0
90,70.0,20.0
95,95.0,0.0
90,116.07142857142857,-26.07142857142857
95,90.0,5.0
75,75.0,0.0
115,123.01136363636364,-8.01136363636364
95,95.0,0.0
29,21.0,8.0
120,116.81818181818181,3.181818181818187
140,105.0,35.0
140,140.0,0.0
100,50.0,50.0
80,75.0,5.0
140,140.0,0.0
105,90.0,15.0
125,124.97409326424871,0.025906735751291876
125,124.97409326424871,0.025906735751291876
80,80.0,0.0
140,140.0,0.0
28,28.0,0.0
115,126.93181818181819,-11.931818181818187
100,100.0,0.0
135,75.0,60.0
85,64.25,20.75
115,99.0,16.0
150,134.24242424242425,15.75757575757575
115,130.0,-15.0
105,131.83333333333334,-26.833333333333343
115,115.0,0.0
70,70.0,0.0
75,75.0,0.0
80,92.5,-12.5
100,100.0,0.0
120,115.0,5.0
135,135.0,0.0
100,115.0,-15.0
110,110.0,0.0
115,98.75,16.25
60,70.0,-10.0
110,88.55670103092784,21.44329896907216
80,80.0,0.0
80,80.0,0.0
75,89.78260869565217,-14.782608695652172
95,50.0,45.0
115,75.0,40.0
120,95.0,25.0
130,130.0,0.0
110,110.0,0.0
100,105.0,-5.0
195,180.0,15.0
135,124.5,10.5
145,124.5,20.5
85,80.38461538461539,4.615384615384613
140,90.0,50.0
70,70.0,0.0
130,124.97409326424871,5.025906735751292
85,115.09216589861751,-30.09216589861751
115,116.11111111111111,-1.1111111111111143
85,99.0,-14.0
140,123.33333333333333,16.66666666666667
95,95.0,0.0
105,117.43243243243244,-12.432432432432435
95,83.75,11.25
100,118.87755102040816,-18.877551020408163
130,117.43243243243244,12.567567567567565
95,95.0,0.0
115,117.3913043478261,-2.391304347826093
115,115.0,0.0
28,28.0,0.0
135,135.0,0.0
130,111.19565217391305,18.804347826086953
135,119.56989247311827,15.430107526881727
130,181.66666666666666,-51.66666666666666
65,70.0,-5.0
105,103.46153846153847,1.538461538461533
50,50.0,0.0
105,105.0,0.0
105,105.0,0.0
105,95.0,10.0
90,90.0,0.0
70,60.0,10.0
100,115.09216589861751,-15.092165898617509
180,175.0,5.0
125,114.42857142857143,10.57142857142857
145,145.0,0.0
90,90.0,0.0
80,73.75,6.25
80,95.0,-15.0
130,130.0,0.0
100,85.0,15.0
100,85.0,15.0
145,134.24242424242425,10.75757575757575
55,90.0,-35.0
205,185.0,20.0
90,88.55670103092784,1.4432989690721598
85,91.0,-6.0
160,160.0,0.0
70,70.0,0.0
115,115.0,0.0
15,15.0,0.0
110,113.63636363636364,-3.6363636363636402
90,50.0,40.0
135,144.5,-9.5
100,100.0,0.0
17,17.0,0.0
105,50.0,55.0
120,117.3913043478261,2.608695652173907
150,150.0,0.0
55,55.0,0.0
105,115.0,-10.0
185,155.0,30.0
95,95.0,0.0
50,50.0,0.0
120,120.0,0.0
16,27.0,-11.0
50,65.28089887640449,-15.280898876404493
55,55.0,0.0
145,145.0,0.0
130,119.56989247311827,10.430107526881727
115,115.0,0.0
27,27.0,0.0
90,90.0,0.0
75,131.25,-56.25
110,130.0,-20.0
90,88.40425531914893,1.5957446808510696
75,75.0,0.0
110,110.0,0.0
90,57.5,32.5
95,92.85714285714286,2.142857142857139
70,70.0,0.0
90,66.875,23.125
65,65.0,0.0
80,72.33333333333333,7.666666666666671
50,50.0,0.0
65,65.0,0.0
90,90.0,0.0
130,130.0,0.0
135,145.0,-10.0
150,150.0,0.0
150,150.0,0.0
215,155.0,60.0
90,83.75,6.25
70,89.78260869565217,-19.782608695652172
120,91.25,28.75
100,105.71428571428571,-5.714285714285708
145,134.24242424242425,10.75757575757575
125,145.0,-20.0
135,126.6,8.400000000000006
110,125.0,-15.0
120,117.4390243902439,2.560975609756099
90,90.0,0.0
50,57.121212121212125,-7.121212121212125
100,105.8282208588957,-5.828220858895705
100,100.0,0.0
115,126.6,-11.599999999999994
70,80.0,-10.0
95,95.0,0.0
55,55.0,0.0
135,85.0,50.0
145,145.0,0.0
125,125.0,0.0
105,119.56989247311827,-14.569892473118273
100,107.76923076923077,-7.769230769230774
85,73.75,11.25
75,77.5,-2.5
100,100.0,0.0
85,85.0,0.0
105,85.0,20.0
70,70.0,0.0
195,195.0,0.0
18,18.0,0.0
145,125.0,20.0
65,65.0,0.0
130,140.0,-10.0
145,145.0,0.0
95,95.0,0.0
100,100.0,0.0
60,75.45751633986929,-15.457516339869287
17,17.0,0.0
130,130.0,0.0
190,200.0,-10.0
150,150.0,0.0
70,73.75,-3.75
60,60.0,0.0
150,150.0,0.0
120,119.56989247311827,0.43010752688172715
100,100.0,0.0
80,80.0,0.0
95,95.0,0.0
125,125.0,0.0
115,110.0,5.0
110,115.09216589861751,-5.092165898617509
60,60.0,0.0
75,75.0,0.0
210,190.0,20.0
23,22.0,1.0
80,73.33333333333333,6.666666666666671
115,125.0,-10.0
125,125.0,0.0
70,90.83333333333333,-20.83333333333333
145,145.0,0.0
50,74.90384615384616,-24.90384615384616
55,80.0,-25.0
105,127.63888888888889,-22.638888888888886
80,82.1875,-2.1875
135,117.43243243243244,17.567567567567565
135,135.0,0.0
100,100.0,0.0
90,90.0,0.0
130,130.0,0.0
115,117.4390243902439,-2.439024390243901
115,80.38461538461539,34.61538461538461
145,117.4390243902439,27.5609756097561
145,145.0,0.0
130,130.0,0.0
110,117.43243243243244,-7.432432432432435
18,14.0,4.0
90,90.0,0.0
110,110.0,0.0
85,85.0,0.0
115,127.63888888888889,-12.638888888888886
160,117.91666666666667,42.08333333333333
100,100.0,0.0
105,140.0,-35.0
105,80.0,25.0
105,124.97409326424871,-19.974093264248708
55,65.66666666666667,-10.666666666666671
75,75.0,0.0
15,15.0,0.0
65,65.0,0.0
95,95.0,0.0
26,26.0,0.0
26,26.0,0.0
95,95.0,0.0
140,140.0,0.0
90,114.42857142857143,-24.42857142857143
95,95.0,0.0
135,135.0,0.0
80,120.0,-40.0
70,70.0,0.0
70,70.0,0.0
115,131.66666666666666,-16.666666666666657
95,95.0,0.0
140,117.43243243243244,22.567567567567565
130,130.0,0.0
100,70.0,30.0
145,145.0,0.0
115,115.0,0.0
95,125.0,-30.0
135,135.0,0.0
110,119.56989247311827,-9.569892473118273
110,119.56989247311827,-9.569892473118273
120,110.84269662921348,9.157303370786522
75,70.33333333333333,4.666666666666671
95,88.40425531914893,6.59574468085107
125,135.0,-10.0
90,90.0,0.0
90,90.0,0.0
105,101.02941176470588,3.970588235294116
50,50.0,0.0
175,215.0,-40.0
120,118.65384615384616,1.3461538461538396
17,17.0,0.0
55,91.09375,-36.09375
110,65.0,45.0
100,124.97409326424871,-24.974093264248708
60,60.0,0.0
90,90.0,0.0
145,135.0,10.0
80,82.14285714285714,-2.142857142857139
75,83.0,-8.0
135,106.42857142857143,28.57142857142857
115,125.76923076923077,-10.769230769230774
75,80.38461538461539,-5.384615384615387
50,68.33333333333333,-18.33333333333333
140,75.0,65.0
145,125.48387096774194,19.516129032258064
65,65.0,0.0
50,50.0,0.0
14,19.0,-5.0
70,70.0,0.0
85,75.0,10.0
90,90.0,0.0
70,70.0,0.0
115,80.0,35.0
105,123.01136363636364,-18.01136363636364
115,110.0,5.0
50,50.0,0.0
65,65.0,0.0
110,90.0,20.0
100,100.0,0.0
115,115.0,0.0
100,113.63636363636364,-13.63636363636364
115,115.0,0.0
95,92.85714285714286,2.142857142857139
10,10.0,0.0
100,110.84269662921348,-10.842696629213478
19,19.0,0.0
70,88.55670103092784,-18.55670103092784
105,131.83333333333334,-26.833333333333343
95,75.0,20.0
115,131.83333333333334,-16.833333333333343
50,50.0,0.0
120,110.0,10.0
115,115.0,0.0
75,100.0,-25.0
105,100.0,5.0
105,125.0,-20.0
145,145.0,0.0
145,103.46153846153847,41.53846153846153
80,75.0,5.0
150,150.0,0.0
90,90.0,0.0
100,75.0,25.0
135,107.76923076923077,27.230769230769226
100,105.55555555555556,-5.555555555555557
110,110.0,0.0
115,110.84269662921348,4.157303370786522
100,113.2258064516129,-13.225806451612897
135,125.0,10.0
16,18.0,-2.0
55,55.0,0.0
19,17.0,2.0
110,80.0,30.0
120,113.63636363636364,6.36363636363636
38,25.0,13.0
75,75.0,0.0
80,80.0,0.0
105,110.83333333333333,-5.833333333333329
125,118.65384615384616,6.34615384615384
50,50.0,0.0
50,50.0,0.0
115,90.0,25.0
130,130.0,0.0
100,124.97409326424871,-24.974093264248708
90,92.5,-2.5
130,130.0,0.0
24,23.0,1.0
110,110.0,0.0
85,50.0,35.0
140,140.0,0.0
50,50.0,0.0
125,125.0,0.0
195,195.0,0.0
75,75.0,0.0
75,75.0,0.0
145,117.4390243902439,27.5609756097561
17,17.0,0.0
125,125.0,0.0
24,15.0,9.0
110,105.8282208588957,4.171779141104295
100,100.0,0.0
100,100.0,0.0
125,119.88372093023256,5.116279069767444
90,74.92307692307692,15.07692307692308
85,85.0,0.0
135,90.0,45.0
115,123.0,-8.0
125,119.88372093023256,5.116279069767444
95,92.85714285714286,2.142857142857139
60,68.72289156626506,-8.722891566265062
100,105.71428571428571,-5.714285714285708
145,185.0,-40.0
145,125.48387096774194,19.516129032258064
100,95.0,5.0
105,155.0,-50.0
95,95.0,0.0
95,80.0,15.0
180,180.0,0.0
95,95.0,0.0
110,110.0,0.0
110,110.0,0.0
115,115.0,0.0
75,85.0,-10.0
75,85.0,-10.0
110,100.0,10.0
55,55.0,0.0
75,120.0,-45.0
105,85.0,20.0
26,25.0,1.0
100,113.0,-13.0
100,123.01136363636364,-23.01136363636364
90,87.10526315789474,2.89473684210526
90,87.10526315789474,2.89473684210526
130,130.0,0.0
140,134.36170212765958,5.6382978723404165
120,120.0,0.0
115,119.56989247311827,-4.569892473118273
135,123.01136363636364,11.98863636363636
17,17.0,0.0
85,75.0,10.0
140,110.84269662921348,29.157303370786522
135,126.6,8.400000000000006
50,50.0,0.0
95,96.25,-1.25
100,145.0,-45.0
125,127.63888888888889,-2.6388888888888857
85,85.0,0.0
90,85.0,5.0
140,140.0,0.0
55,55.0,0.0
105,105.33333333333333,-0.3333333333333286
140,75.0,65.0
11,20.0,-9.0
95,105.0,-10.0
55,55.0,0.0
26,26.0,0.0
110,125.48387096774194,-15.483870967741936
70,70.0,0.0
50,50.0,0.0
135,135.0,0.0
55,89.30232558139535,-34.30232558139535
60,60.0,0.0
105,108.33333333333333,-3.3333333333333286
100,105.0,-5.0
90,88.55670103092784,1.4432989690721598
28,25.0,3.0
95,95.0,0.0
140,110.84269662921348,29.157303370786522
75,75.0,0.0
75,75.0,0.0
85,85.0,0.0
80,111.19565217391305,-31.195652173913047
140,140.0,0.0
180,180.0,0.0
180,180.0,0.0
125,125.0,0.0
100,100.0,0.0
85,125.0,-40.0
85,74.90384615384616,10.09615384615384
85,68.72289156626506,16.277108433734938
130,130.0,0.0
150,150.0,0.0
215,95.0,120.0
75,75.0,0.0
50,50.0,0.0
100,100.0,0.0
145,145.0,0.0
130,110.0,20.0
65,65.0,0.0
65,90.0,-25.0
135,85.0,50.0
75,111.66666666666667,-36.66666666666667
50,50.0,0.0
75,75.0,0.0
135,145.0,-10.0
105,85.0,20.0
130,118.87755102040816,11.122448979591837
80,125.0,-45.0
65,65.0,0.0
85,80.0,5.0
130,90.0,40.0
70,70.0,0.0
190,190.0,0.0
120,115.0,5.0
80,80.0,0.0
130,111.19565217391305,18.804347826086953
145,145.0,0.0
145,145.0,0.0
100,100.0,0.0
120,115.09216589861751,4.907834101382491
60,60.0,0.0
105,119.14285714285714,-14.142857142857139
14,14.0,0.0
80,80.0,0.0
120,127.63888888888889,-7.638888888888886
65,65.0,0.0
85,85.0,0.0
50,110.0,-60.0
115,115.0,0.0
25,25.0,0.0
55,55.0,0.0
55,55.0,0.0
125,105.55555555555556,19.444444444444443
125,105.55555555555556,19.444444444444443
90,90.0,0.0
90,91.66666666666667,-1.6666666666666714
90,90.0,0.0
135,130.0,5.0
75,75.0,0.0
140,85.0,55.0
85,87.10526315789474,-2.10526315789474
70,115.0,-45.0
70,88.55670103092784,-18.55670103092784
100,100.0,0.0
90,85.0,5.0
140,115.0,25.0
90,130.0,-40.0
60,60.0,0.0
85,85.0,0.0
140,139.16666666666666,0.8333333333333428
120,120.0,0.0
110,120.0,-10.0
110,215.0,-105.0
110,73.4375,36.5625
21,21.0,0.0
70,65.28089887640449,4.719101123595507
135,135.0,0.0
145,115.09216589861751,29.90783410138249
80,80.0,0.0
80,115.0,-35.0
135,130.0,5.0
75,76.47058823529412,-1.470588235294116
130,130.0,0.0
90,90.0,0.0
90,90.0,0.0
145,100.0,45.0
140,100.5952380952381,39.4047619047619
19,19.0,0.0
60,62.5,-2.5
110,105.625,4.375
60,65.0,-5.0
115,115.0,0.0
