Delivery_Time,prediction
140,133.89810709070707
130,110.95350037177253
65,59.483171936563686
15,16.374408340989604
110,97.07372577124671
65,68.34095677102864
70,71.97266332333258
70,71.97266332333258
70,71.97266332333258
70,71.97266332333258
85,82.07291999003647
90,88.30659289868034
90,88.30659289868034
65,74.76124838485205
12,10.442764161126178
85,87.64366460058281
100,101.55832521731924
80,77.33315009067375
95,97.53454867186232
95,97.53454867186232
21,22.19590200061058
50,71.75197326847335
55,55.80264355947801
55,55.80264355947801
55,55.80264355947801
65,61.74620571325388
65,61.74620571325388
28,28.25592098429675
115,113.10493241292235
18,18.34973883230796
135,125.50093546958723
26,23.403519515329645
85,94.02790599518981
50,53.247648582168424
50,53.247648582168424
75,76.80143062404768
85,82.89212531906523
65,66.1923026032511
18,18.22308335744897
18,18.22308335744897
50,59.36195345475014
60,70.95294150851477
85,83.93530958655556
85,83.93530958655556
75,75.3113046589184
100,97.8256815022821
100,97.8256815022821
65,64.65811125049531
120,118.44882929713818
120,118.44882929713818
65,75.77461787062312
85,72.50283907512221
85,72.50283907512221
70,76.32491585485032
110,105.8844756806708
100,104.29395364263048
50,54.780217073841925
65,63.160976168778085
125,107.65109913878094
80,84.44967177031226
80,84.44967177031226
115,123.60572633983213
145,120.2996730114235
100,113.39980581081993
85,80.36351319671311
85,80.36351319671311
95,89.6190215258592
85,85.72300210506434
70,70.3514052959477
125,122.4159877298151
70,70.8511779030046
70,70.8511779030046
70,70.8511779030046
70,70.8511779030046
90,86.77572821425245
140,135.748039651756
55,65.69955797049923
55,65.69955797049923
100,105.62313764859613
70,80.71132041247566
60,58.05018332714391
90,87.74116678008413
90,87.74116678008413
85,79.78014987884944
20,14.211213473475077
20,14.211213473475077
100,106.11134111850016
50,64.35862151192511
50,51.384635158827074
50,51.384635158827074
90,93.952507376679
110,108.0551523682032
75,72.83561577812017
75,72.83561577812017
75,72.83561577812017
75,72.83561577812017
135,107.87764349842098
85,85.1066768762157
110,111.35031761345093
85,68.1230973282548
135,132.4143299339932
135,132.4143299339932
135,132.4143299339932
75,81.28842218633648
80,80.11437437498941
80,80.11437437498941
80,80.11437437498941
110,107.64666991953771
95,91.7381821989516
95,91.7381821989516
95,91.7381821989516
75,74.96274672585322
60,62.60483851669892
95,74.82629649028775
15,13.718304109019048
15,13.718304109019048
105,106.9524337553323
105,106.9524337553323
105,106.9524337553323
120,117.27827304081622
90,95.4152969542246
75,73.61615368659187
75,73.61615368659187
110,92.25575610318812
65,66.19951359318767
65,66.19951359318767
65,66.19951359318767
75,83.55878888368807
75,81.51400076023246
75,81.51400076023246
120,113.19582500425525
120,117.45250449520148
105,80.0126352234675
105,114.75559281987944
110,112.37497263267144
70,66.32706788371505
70,66.32706788371505
11,11.709517655077097
11,11.709517655077097
11,11.709517655077097
135,130.64648137529304
75,73.90611234130341
11,9.911140319703673
75,73.65781477320543
60,65.41809409537501
80,83.32071538072913
70,73.41749159656268
70,73.41749159656268
60,63.64354454400426
100,101.20765834492916
100,101.20765834492916
100,101.20765834492916
110,111.24084580799612
120,119.71958798934178
120,119.71958798934178
110,119.12203560760472
110,119.12203560760472
95,98.3587495061306
95,98.3587495061306
95,75.11417044914559
115,126.1701534264971
75,75.83905785242528
75,75.83905785242528
75,75.83905785242528
90,85.03458140872561
90,83.9022518667634
60,68.51495826381743
70,78.44315346131738
17,19.82361980762054
75,73.7331729019153
16,16.132476821642875
130,127.87926785917398
130,127.87926785917398
100,100.34566399197641
130,119.67669158437312
100,113.41234541389585
110,111.40140888068116
60,65.79348597268519
60,65.79348597268519
75,69.25387974151667
18,16.243423810875836
145,130.78288285285765
50,53.18248760051978
60,85.03458140872561
120,142.14623876524294
80,76.45487193681817
80,76.45487193681817
80,81.13923341009922
55,71.37280094869718
100,108.21404032999398
100,108.21404032999398
55,80.75901188889941
110,116.86285184793601
50,48.678671639562204
50,48.678671639562204
50,48.678671639562204
100,103.48237201753777
100,103.48237201753777
100,103.48237201753777
75,84.95436948285698
75,74.44599764470833
26,24.403612449988795
26,24.403612449988795
85,75.49573088795911
135,132.4321173648807
100,111.2327793516022
55,64.29645673874944
85,84.66092951886503
90,90.58278493414312
90,90.58278493414312
90,90.58278493414312
110,108.40800082611096
110,108.40800082611096
110,108.40800082611096
110,108.40800082611096
16,20.896265418318187
16,20.896265418318187
90,88.28686553618512
85,104.28590291473196
95,94.18668939588899
95,94.18668939588899
95,94.18668939588899
75,86.85191372259905
75,86.85191372259905
130,110.10548470665526
130,110.10548470665526
18,14.68394848805611
80,73.07919849187279
75,75.47517225421264
95,88.11332979625205
145,120.23308418489708
75,68.22676907488551
90,81.1717635524996
65,64.24948824811356
50,73.06165388285153
50,60.29092307114909
50,60.29092307114909
110,106.30000248309976
50,73.56034531353106
16,17.8717464544014
16,17.8717464544014
55,69.55088078914441
95,107.5140456385057
75,84.43142149954492
25,24.958866416272173
145,136.71709981034923
80,81.22218781804156
120,120.0778470793715
29,26.702074983384723
29,26.702074983384723
115,110.02391597963987
80,82.41992111838096
50,53.85477831137093
50,53.85477831137093
105,106.92634155653577
125,114.41185648042385
110,111.93506982722607
29,17.470663563698338
100,100.57031317263944
50,69.41111882200535
85,75.3277572202066
135,133.53137316880145
50,88.11413870755685
50,88.11413870755685
60,58.71778437752834
60,58.71778437752834
60,58.71778437752834
60,58.71778437752834
90,93.43887227192636
130,122.3508806613758
90,87.17380472828167
70,68.90885960775488
75,91.09977816305809
60,64.00407851300574
60,64.00407851300574
95,83.57694258498591
140,132.00153831740607
65,65.8496832507509
75,76.63916212650848
125,121.29157392800458
125,121.29157392800458
125,121.29157392800458
120,92.4171135625939
95,71.35704930345106
95,92.67008652145991
60,59.84568338567758
75,84.15898490139776
50,57.67086721382647
115,101.748495067778
85,83.72717499531248
85,83.72717499531248
85,83.72717499531248
24,21.629863632752066
100,95.295630211847
75,65.02348324978333
115,112.43930602775124
75,90.9340901356315
95,84.81535735724762
95,80.19109730320997
55,60.72134458767044
55,60.72134458767044
55,60.72134458767044
75,101.48571620186358
130,124.69409615483299
75,84.94224099868585
23,15.528988325217277
145,143.33372137164807
100,106.03288165527073
80,75.7581300760839
120,115.72569033230178
120,115.72569033230178
55,56.80462631658115
55,56.80462631658115
100,109.27743143754053
60,63.143650921435444
85,83.55778024401532
85,83.55778024401532
85,83.55778024401532
135,140.09350793501935
55,65.96957558895541
55,48.682470533017394
55,48.682470533017394
140,137.6130003145852
60,70.45518634587813
75,68.61649582704342
95,84.80144340489825
95,84.80144340489825
135,105.47634555065089
50,51.66223530629888
50,51.66223530629888
50,51.66223530629888
75,76.7086762395987
60,58.81057346340718
80,75.8922038399025
85,71.20080659419827
80,80.2963982199936
85,83.71336210136789
85,83.71336210136789
110,102.33798820495906
75,67.25988448513279
75,67.25988448513279
115,118.94189044640831
115,114.1122806479353
90,100.45713707836694
90,100.45713707836694
105,93.41900580826317
75,68.75629696710175
19,19.6987970455002
19,19.6987970455002
19,19.6987970455002
19,19.6987970455002
19,19.6987970455002
75,88.49808322096737
50,61.88442828675696
90,93.79416148441082
85,89.88484691958016
95,94.2107325195541
55,85.61381899768077
85,75.7130440045026
85,75.7130440045026
55,55.30179391621894
55,55.30179391621894
80,82.44923763074506
80,82.44923763074506
60,57.46485005237881
60,57.46485005237881
50,52.06273805162233
115,116.31753777531071
14,18.939657142322012
65,56.82660490441137
85,74.30184049841013
100,97.29178656700583
100,76.99133178585276
60,60.287554326215286
70,69.00920179075837
80,89.66169629127425
130,139.94505257794205
50,51.62603175794579
140,117.33713462259043
80,71.8347455776235
80,71.8347455776235
75,74.3824959866079
75,74.3824959866079
55,61.115163624242726
50,56.41112616671231
50,56.41112616671231
50,56.41112616671231
95,78.86929993056606
50,55.85042690452817
50,55.85042690452817
50,55.85042690452817
80,79.78932984696034
80,79.78932984696034
80,79.78932984696034
75,82.06132109109795
50,68.88995979455328
70,67.66448431517931
70,67.66448431517931
60,58.146773813021255
60,58.146773813021255
85,85.67071974499355
110,109.95571844742771
50,61.660439586291815
50,61.660439586291815
50,61.660439586291815
120,120.82957043211734
70,68.33500193890478
120,119.35420376758778
90,69.94412026924867
75,80.38030396232014
110,109.72769310299248
110,109.72769310299248
105,117.01141653564218
105,117.01141653564218
115,114.65318401321314
80,84.98808192550555
80,84.98808192550555
80,84.98808192550555
50,76.27541719241684
110,82.98685659514895
80,80.553531491087
55,56.64885916162743
17,14.51045298024795
17,14.51045298024795
80,82.22845131493148
80,82.22845131493148
50,72.14168268675581
50,72.14168268675581
70,67.31527839312376
70,67.31527839312376
145,135.94418395469555
55,95.07929565525477
70,75.09156558595167
125,132.9811954672199
125,132.9811954672199
95,67.52200075589633
95,100.07149042092661
15,4.928724317480937
105,106.36896353226064
65,73.37626620853571
85,86.48310572414779
90,75.79930418879428
55,72.06930097004401
60,58.538265822468766
60,61.46473710667259
100,119.87263766348936
115,118.13714872844925
65,56.00777038309269
85,99.10695843186801
140,137.89863782691944
140,137.89863782691944
125,126.04988645851736
75,80.00242136390047
95,89.31991970164246
85,66.3192993361551
100,91.06270278801992
100,91.06270278801992
145,122.3507074233225
17,13.632357884283788
17,13.632357884283788
17,13.632357884283788
85,70.96647104092726
55,63.07684005479709
16,18.62617997709837
50,78.5418591233086
50,78.5418591233086
110,107.03311303612388
110,107.03311303612388
110,107.03311303612388
85,95.1340617475523
95,77.01095122821222
95,77.01095122821222
125,124.97463826052375
55,103.96094805754647
60,62.41889855406282
85,84.72411222116725
50,62.87747992569559
12,24.313001037449123
105,111.87267794113282
90,77.82676199484405
120,110.14240382996192
125,123.97843814729839
55,72.96378873254659
70,73.92670198780442
70,73.92670198780442
80,90.6866639023298
85,79.1230420964526
75,74.54478519318249
75,74.54478519318249
50,66.74519215364845
55,60.234995323117495
95,101.58232364529087
95,78.51012933626282
95,78.51012933626282
115,110.45560391514573
140,105.32246398343806
65,75.62141928638569
85,88.2246414223856
60,60.21623552844334
125,131.02360696464547
85,82.03839783285135
130,114.57406544634246
130,114.57406544634246
75,72.1547264758914
145,105.06625914668054
50,63.2851830879079
85,77.88325326310961
90,86.7730526778905
90,86.7730526778905
55,65.86118614739685
220,224.57905535423942
160,162.47996353765006
175,179.42565149490417
55,56.885044808778936
55,56.885044808778936
55,56.885044808778936
55,56.885044808778936
55,56.885044808778936
90,96.42886132898106
95,96.38973074406097
95,96.38973074406097
145,169.0439993253337
145,142.06825449015875
100,102.90511927412072
100,102.90511927412072
85,96.49673027482308
95,97.1743222238914
135,123.16055635107058
135,127.84638871378837
135,127.84638871378837
135,127.84638871378837
110,120.38710430779733
135,132.31081833314119
155,155.95131459124505
155,155.95131459124505
155,155.95131459124505
155,155.95131459124505
155,155.95131459124505
155,155.95131459124505
60,60.133926103577146
60,60.133926103577146
60,60.133926103577146
60,60.133926103577146
60,60.133926103577146
100,99.9823339114228
100,99.9823339114228
100,99.9823339114228
29,29.156648817286055
29,29.156648817286055
29,29.156648817286055
29,29.156648817286055
29,29.156648817286055
110,109.79624546633556
110,109.79624546633556
110,109.79624546633556
135,118.28598235169487
135,118.28598235169487
140,149.81544852857803
140,149.81544852857803
140,149.81544852857803
175,168.0671085189682
175,168.0671085189682
95,96.20145869081547
50,63.43278444194249
130,122.23816053841485
130,122.23816053841485
140,138.426002785693
140,138.426002785693
140,138.426002785693
140,138.426002785693
105,107.11179506259917
145,145.87259327496315
105,104.21453436877793
105,104.21453436877793
105,104.21453436877793
105,104.21453436877793
125,118.5621725970813
125,118.5621725970813
125,120.97251254855574
180,176.98643921291466
150,168.90221518048693
205,208.14188987990826
110,116.89130832928382
110,116.89130832928382
60,66.1234036189929
145,125.19667500872096
110,119.2388262748357
150,156.56271897337672
17,18.01185275828343
170,158.95101098563995
130,129.02612863410417
105,122.3398802554769
115,122.7487156221812
95,89.86831098705717
80,80.12879272148162
80,80.12879272148162
80,80.12879272148162
80,80.12879272148162
135,130.40919575563365
135,130.40919575563365
135,130.40919575563365
135,130.40919575563365
60,70.24991832540248
160,151.42918803470266
120,119.04629888059381
65,65.27506176297632
65,65.27506176297632
65,65.27506176297632
65,65.27506176297632
65,65.27506176297632
210,177.1067601449964
140,143.30905052370497
210,185.30393813917252
105,102.86664055595396
105,102.86664055595396
90,90.21395357537448
90,90.21395357537448
90,90.21395357537448
90,90.21395357537448
120,117.48236731457632
70,68.62831822368457
70,68.62831822368457
70,68.62831822368457
70,68.62831822368457
120,135.28878459825216
105,118.25911508125347
25,26.85257754370883
95,91.76062326248962
135,134.19945057622388
135,134.19945057622388
135,134.19945057622388
135,134.19945057622388
135,134.19945057622388
110,131.12567189227914
90,90.81200753182273
90,90.81200753182273
150,135.8487762072648
135,154.17072412028753
180,168.65747713997126
75,99.1922261034976
135,133.251676634619
135,133.251676634619
135,133.251676634619
90,96.74299559934087
145,134.15528614672138
120,105.3595417036833
120,105.3595417036833
29,25.73819507716155
170,168.53648346717827
170,168.53648346717827
170,168.53648346717827
95,92.91490686872301
160,157.5671957256614
160,157.5671957256614
160,157.5671957256614
160,168.44938735484405
90,89.91527212506361
165,129.32011566941304
31,37.05874482259577
150,140.5438187221477
150,140.5438187221477
125,122.71223054389245
165,166.5443985594522
165,166.5443985594522
165,166.5443985594522
95,97.09471533508778
95,97.09471533508778
110,112.46393090542571
110,112.46393090542571
110,112.46393090542571
135,156.66122250667954
65,64.88511483319515
65,64.88511483319515
160,144.91895645624956
150,149.41192445836458
105,103.61252948655635
165,166.58417880696396
220,218.98247176501667
195,181.64185500317745
85,85.21909693821809
85,85.21909693821809
85,85.21909693821809
85,85.21909693821809
135,147.84614764126815
65,83.34203287042867
140,142.3625237784806
140,142.3625237784806
95,95.64037790377087
95,95.64037790377087
105,107.30458605466828
75,74.6880699849942
75,74.6880699849942
75,74.6880699849942
75,74.6880699849942
75,74.6880699849942
125,129.25838120311502
125,129.25838120311502
125,129.25838120311502
135,127.45329886495213
85,86.16956940144702
150,129.90672291349162
26,21.620468910942016
65,104.88273626418892
29,31.06951242879591
115,116.54000160132163
115,116.54000160132163
115,116.54000160132163
150,142.91725066839754
150,142.91725066839754
100,101.47899288938235
95,93.06790664675223
95,93.06790664675223
130,134.3624806376485
95,94.69277280728984
70,70.62663210096184
150,151.31493268101661
165,165.544706846428
165,173.93458850572767
100,129.0934952463992
140,146.29361862817595
110,110.10272387345228
65,65.77223585324026
65,65.77223585324026
65,65.77223585324026
65,65.77223585324026
65,65.77223585324026
65,65.77223585324026
85,87.94194118255295
140,156.7570725745603
90,84.29847564419858
110,107.24056324682032
110,107.24056324682032
110,107.24056324682032
165,154.8464099205782
65,71.27495309046462
65,71.27495309046462
85,84.15027023301971
225,197.77163555047565
110,109.81193300607889
17,17.71729211759117
17,17.71729211759117
145,129.38789153012385
185,182.35903784901836
185,182.35903784901836
50,52.34919055578134
50,52.34919055578134
50,52.34919055578134
60,70.32852383625793
50,60.176585262997264
50,60.176585262997264
140,131.41300125339356
135,140.4478174087122
145,142.2492160176902
145,142.2492160176902
145,142.2492160176902
60,66.74502237424753
165,165.88249930397282
165,165.88249930397282
145,134.61015615381092
90,81.692510048475
150,151.49986270783987
150,154.14743654472315
180,174.82332290092305
165,162.5999971404108
55,58.03979087057843
55,58.03979087057843
55,58.03979087057843
65,63.69426041299607
65,63.69426041299607
55,91.94091492548218
115,119.59661705333328
95,98.10240845859836
85,94.07894761616797
150,125.65964295578229
130,137.6887013831568
26,32.76160519357855
185,181.1732328142295
160,160.66160334305587
160,160.66160334305587
160,160.66160334305587
160,160.66160334305587
160,160.66160334305587
160,160.66160334305587
160,160.66160334305587
160,160.66160334305587
160,160.66160334305587
160,160.66160334305587
160,160.66160334305587
160,160.66160334305587
195,192.20575333681683
130,127.79386421227245
130,127.79386421227245
75,62.28287806725468
75,62.28287806725468
90,89.73075366246302
90,89.73075366246302
140,135.46989138889612
75,78.70235118287319
90,89.8794169455937
60,60.5067813481765
60,60.5067813481765
60,60.5067813481765
60,60.5067813481765
60,60.5067813481765
60,60.5067813481765
60,60.5067813481765
160,155.93600985821203
65,67.6723245131985
230,207.4414590704976
230,207.4414590704976
65,66.77213265756343
65,66.77213265756343
120,118.01755181344785
120,118.01755181344785
120,118.01755181344785
180,181.21252015219778
180,181.21252015219778
180,181.21252015219778
180,181.21252015219778
155,162.59024196031064
50,51.257397848648324
50,51.257397848648324
50,51.257397848648324
50,51.257397848648324
50,51.257397848648324
50,51.257397848648324
50,51.257397848648324
30,30.449131201599542
95,91.90142239299036
95,91.90142239299036
95,91.90142239299036
80,91.20711960713612
80,91.20711960713612
80,91.20711960713612
170,140.17750567169242
75,92.06907983356996
65,94.83651495765761
155,154.88455458873779
155,154.88455458873779
155,154.88455458873779
155,154.88455458873779
155,154.88455458873779
155,154.88455458873779
155,154.88455458873779
155,154.88455458873779
155,154.88455458873779
145,156.2078921642655
95,94.67722696898691
95,94.67722696898691
95,94.67722696898691
95,94.67722696898691
95,94.67722696898691
95,94.67722696898691
95,94.67722696898691
95,94.67722696898691
95,94.67722696898691
95,94.67722696898691
95,94.67722696898691
95,94.67722696898691
95,94.67722696898691
95,94.67722696898691
95,94.67722696898691
95,94.67722696898691
95,94.67722696898691
95,94.67722696898691
95,94.67722696898691
95,94.67722696898691
95,94.67722696898691
95,94.67722696898691
95,94.67722696898691
95,94.67722696898691
95,94.67722696898691
85,71.40345546298565
85,71.40345546298565
120,120.1141048886478
120,120.1141048886478
120,120.1141048886478
120,120.1141048886478
120,120.1141048886478
120,120.1141048886478
120,120.1141048886478
120,120.1141048886478
120,120.1141048886478
120,120.1141048886478
120,120.1141048886478
120,120.1141048886478
120,120.1141048886478
120,120.1141048886478
120,120.1141048886478
120,120.1141048886478
120,120.1141048886478
120,120.1141048886478
120,120.1141048886478
120,120.1141048886478
120,120.1141048886478
140,142.5089933653011
140,142.5089933653011
150,146.39583762564018
205,184.27767211886186
205,184.27767211886186
170,164.40881421305764
75,77.34977910769143
110,105.05992453013357
110,105.05992453013357
80,111.18433397212121
115,119.25537916736754
105,106.08690639344911
105,106.08690639344911
150,154.65198751578347
145,155.6575417097535
125,115.64468910574821
155,159.0751501868466
110,125.99463871095725
140,140.9324319806986
140,140.9324319806986
140,140.9324319806986
140,140.9324319806986
60,67.0812064073333
100,97.97429401723221
135,138.85019519775398
100,92.79163260800534
155,138.77815511189272
130,126.44964176000276
95,89.14045723918322
95,89.14045723918322
15,14.961682831983616
15,14.961682831983616
15,14.961682831983616
135,140.03803537068111
100,101.66240300239252
160,160.06915828310017
160,159.471590226457
160,159.471590226457
135,134.021273390564
135,134.021273390564
135,134.021273390564
80,70.64863418415185
170,155.77905552274416
170,155.77905552274416
170,155.77905552274416
12,10.697185422019448
12,10.697185422019448
12,10.697185422019448
12,10.697185422019448
12,10.697185422019448
140,140.06990292587963
140,140.06990292587963
110,113.12746735260386
125,138.95376103537782
130,130.30925293084843
170,171.95378848347409
110,109.38698439891455
110,109.38698439891455
150,137.05472806245143
140,141.78937460259954
160,133.5636251548162
100,102.55565715840538
100,102.55565715840538
220,187.55626489855138
100,105.50231954923127
130,133.4207998978157
130,133.4207998978157
130,133.4207998978157
115,99.87962134429888
80,93.59046849522282
50,49.556500065529804
50,49.556500065529804
50,49.556500065529804
50,49.556500065529804
50,49.556500065529804
50,49.556500065529804
110,111.0282475516455
110,111.0282475516455
135,137.222129811833
125,125.87213616465509
125,125.87213616465509
125,125.87213616465509
140,142.10063679846203
140,142.10063679846203
185,183.09933177955358
33,37.893810314091255
165,167.6780878892617
155,155.30483397089083
110,110.97984216461295
26,26.688872103179307
26,26.688872103179307
26,26.688872103179307
115,118.12453140726605
190,164.08880334833685
150,156.19293838175588
30,35.09415758851109
145,144.54477441408324
145,144.54477441408324
145,144.54477441408324
145,144.54477441408324
145,144.54477441408324
145,144.54477441408324
145,144.54477441408324
105,111.65268704908027
80,77.01622408695894
80,77.01622408695894
55,60.75304256409853
55,60.75304256409853
170,169.02312554957254
150,148.8121863864799
125,126.27128388154405
28,32.22111508043955
100,99.76596101694224
100,99.76596101694224
165,162.9942255625749
225,226.84712390042023
210,188.94769291627588
60,59.43706391243861
80,88.83071830896384
190,180.70306856190982
60,64.81395493536799
60,64.81395493536799
70,74.3345027136086
70,74.3345027136086
70,74.3345027136086
70,74.3345027136086
165,163.63087959708486
200,182.34139125713986
125,125.5563623695504
125,125.5563623695504
125,127.12972626334123
100,105.67315258964958
95,84.30853122067096
29,21.359843901131168
85,91.53737043426447
85,91.53737043426447
85,91.53737043426447
85,91.53737043426447
75,75.87417595854731
75,75.87417595854731
75,75.87417595854731
155,130.6191162520921
135,141.71041265848888
90,90.37109837485238
25,36.12884425401829
120,124.01696714711409
120,124.01696714711409
120,124.01696714711409
155,162.259294261168
155,173.79933556910956
185,175.39838428582155
125,132.74410831171
70,77.66611218447834
155,165.27590003044563
140,140.2400976793833
140,140.2400976793833
140,140.2400976793833
140,140.2400976793833
140,140.2400976793833
140,140.2400976793833
140,140.2400976793833
140,140.2400976793833
140,140.2400976793833
140,140.2400976793833
80,80.8799410842075
80,80.8799410842075
80,80.8799410842075
105,106.80502175580888
125,124.7650645735719
125,122.83351463726937
125,122.83351463726937
125,122.83351463726937
140,145.67565872336186
33,24.736034179154327
170,168.21424290785737
170,168.21424290785737
170,168.21424290785737
95,95.04369689587406
135,138.08753473201878
150,149.66196797806327
105,115.99807776986906
105,115.89685151858237
135,137.1926633607769
135,137.1926633607769
140,139.49322832123553
140,139.49322832123553
140,139.49322832123553
140,139.49322832123553
80,77.82047509584868
165,162.95269441909522
100,134.3041220276148
100,134.3041220276148
105,114.99457562603902
105,114.99457562603902
145,157.2528989743714
160,158.2422867480933
160,158.2422867480933
130,130.0943134940489
130,130.0943134940489
130,130.0943134940489
190,167.2508522935452
60,73.02180993318471
165,166.6757318505795
195,192.5008469148233
195,192.5008469148233
105,101.75527349947782
15,17.93232264497074
15,17.93232264497074
15,17.93232264497074
115,106.28498330519609
14,16.05925398164622
28,29.779440468100795
28,29.779440468100795
130,128.62448948511104
135,115.57803788445645
145,144.97486290653097
55,55.04265380917219
135,140.0865378237716
130,180.7242591026716
195,195.70444798080817
190,187.71225423779242
190,187.71225423779242
135,150.88821414156925
110,111.58917453353284
75,77.33703603979272
165,160.81447094059186
165,160.81447094059186
125,130.84023509437893
125,130.84023509437893
135,136.83496210644168
135,136.83496210644168
135,136.83496210644168
135,136.83496210644168
140,137.34844563934251
165,163.66884458585278
165,163.66884458585278
70,72.05731180177514
170,169.45793935222292
145,132.66104360160736
150,146.72122645423497
150,146.72122645423497
150,146.72122645423497
150,146.72122645423497
150,146.72122645423497
110,104.76238510412061
110,104.76238510412061
80,82.54358313774776
140,136.0218874570713
55,54.935104589277465
55,54.935104589277465
55,54.935104589277465
55,54.935104589277465
55,54.935104589277465
55,54.935104589277465
55,54.935104589277465
55,54.935104589277465
55,54.935104589277465
55,54.935104589277465
55,54.935104589277465
55,54.935104589277465
55,54.935104589277465
55,54.935104589277465
55,54.935104589277465
55,54.935104589277465
55,54.935104589277465
55,54.935104589277465
55,54.935104589277465
55,54.935104589277465
55,54.935104589277465
55,54.935104589277465
55,54.935104589277465
55,54.935104589277465
55,54.935104589277465
55,54.935104589277465
55,54.935104589277465
55,54.935104589277465
55,54.935104589277465
55,54.935104589277465
55,54.935104589277465
55,54.935104589277465
55,54.935104589277465
55,54.935104589277465
145,145.5041932033602
145,145.5041932033602
145,145.5041932033602
125,136.4810511041673
140,138.23984974862267
140,138.23984974862267
140,139.5690638886069
140,137.30090958093805
90,91.62855938943426
115,118.73391065752206
65,97.3331701036008
60,60.03062608039892
60,60.03062608039892
60,60.03062608039892
60,60.03062608039892
140,140.28752744980295
140,140.28752744980295
140,120.10812976129274
100,99.75104951502844
165,163.92657334674504
165,163.92657334674504
165,163.92657334674504
165,163.92657334674504
165,164.5302212798368
160,163.93104273912564
115,110.63105300860369
115,110.63105300860369
125,126.9108791364429
105,103.93928309570128
105,103.93928309570128
135,116.19882254024591
140,136.9588157760151
165,166.7691138827419
70,81.15583432542941
130,129.64804667585454
130,129.64804667585454
130,129.64804667585454
130,129.64804667585454
170,164.7503149127878
75,75.52534389060642
75,75.52534389060642
75,75.52534389060642
150,173.37924021027067
220,218.132184463322
160,160.8433547714549
70,71.76316428081347
80,99.45061970888894
140,139.89867159569803
80,79.51923948135259
75,75.80459963886408
75,75.80459963886408
105,113.07952482274555
155,150.74401784377784
140,114.86470944498326
140,114.86470944498326
170,167.55673705044154
170,167.55673705044154
170,130.39573492545045
135,111.56908966969752
60,78.15093311038007
85,85.97646309434131
150,144.68407681881598
135,133.6180063394373
135,133.6180063394373
70,70.41679038640085
70,70.41679038640085
210,209.97706330169817
130,120.69346013278944
125,122.32391947844914
125,122.18345885123897
110,95.02471639261455
105,107.59008068682603
140,155.50760130707076
65,73.59544893426418
135,130.5335246397114
135,130.5335246397114
145,123.93364443291283
150,152.0129177203211
31,29.62895789589508
195,184.95305283583713
165,163.79997336191457
165,163.79997336191457
65,103.38829397651962
65,64.44886680936716
65,64.44886680936716
65,64.44886680936716
110,101.92103492508002
110,101.92103492508002
105,105.67200339313717
105,105.67200339313717
105,105.67200339313717
110,109.16543786557786
50,50.583147273117575
50,50.583147273117575
50,50.583147273117575
140,145.97192639069192
145,145.9950846437038
33,34.14622529413819
65,72.1154371069177
95,95.67760153106191
95,95.67760153106191
95,95.67760153106191
95,95.67760153106191
50,60.027986704062094
95,93.78672998567983
110,105.79747231405975
140,142.35918632668168
105,100.208119182888
125,126.43375642604819
65,74.55286566238794
50,51.21960701623139
50,51.21960701623139
50,51.21960701623139
50,51.21960701623139
50,51.21960701623139
75,83.95655487787536
75,83.95655487787536
170,151.54452128082096
90,77.92084757984821
90,89.22501493237075
90,89.22501493237075
90,89.22501493237075
90,89.22501493237075
155,156.57704361501513
155,156.57704361501513
230,212.72100640590972
210,207.95923269056908
210,207.95923269056908
210,207.95923269056908
210,207.95923269056908
140,130.36240067672097
140,130.36240067672097
100,111.01122045302436
80,87.71919139696497
80,87.71919139696497
75,94.76720512212373
17,16.25140255155225
95,91.15394650423701
95,91.15394650423701
55,57.277114437836616
75,76.50969339979768
125,139.01265769915207
130,130.21351235950124
105,105.99291172529703
105,105.99291172529703
105,105.99291172529703
105,105.99291172529703
140,145.4370553831021
160,160.4609255762578
160,160.4609255762578
130,139.68107866425575
60,61.509869727732195
85,80.78323287665435
85,80.78323287665435
215,216.72848080531023
130,115.74959124827741
130,115.74959124827741
130,115.74959124827741
110,99.85302405451846
85,85.23106208757126
85,85.23106208757126
13,15.752438038181328
160,163.47312295852174
160,163.47312295852174
13,15.760048703963893
150,155.5822741033673
170,161.86349652272244
75,99.68383982470945
140,105.64738217540369
60,63.085199592761676
60,63.085199592761676
140,143.0634015323514
90,93.48809853132637
15,13.383885321771608
15,13.383885321771608
120,124.02202442357878
120,124.02202442357878
120,124.02202442357878
140,135.04844270432977
140,135.04844270432977
180,177.71372580510914
180,177.71372580510914
180,177.71372580510914
180,177.71372580510914
180,177.71372580510914
180,177.71372580510914
135,133.09849001712305
50,63.51022443256034
50,63.51022443256034
50,63.51022443256034
135,120.99611848617482
135,120.99611848617482
130,127.42542650619315
150,136.07869794215776
150,136.07869794215776
180,158.5691028837339
125,132.56608592835354
125,132.56608592835354
60,61.963679025766844
125,132.24074473211303
130,147.50264639413285
75,74.91830838386649
75,74.91830838386649
120,119.90536507968679
120,119.90536507968679
120,119.90536507968679
120,119.90536507968679
120,119.90536507968679
120,119.90536507968679
120,119.90536507968679
120,119.90536507968679
120,119.90536507968679
120,119.90536507968679
120,119.90536507968679
120,119.90536507968679
120,119.90536507968679
120,119.90536507968679
120,119.90536507968679
120,119.90536507968679
120,119.90536507968679
120,119.90536507968679
120,119.90536507968679
120,119.90536507968679
120,119.90536507968679
120,119.90536507968679
120,119.90536507968679
120,119.90536507968679
120,119.90536507968679
120,119.90536507968679
120,119.90536507968679
120,119.90536507968679
120,119.90536507968679
120,119.90536507968679
175,168.4052327510496
190,190.12379364990161
170,162.71119122253492
145,147.09591217145712
145,147.09591217145712
145,147.09591217145712
145,147.09591217145712
120,118.05594535829711
145,144.4730625068622
145,144.4730625068622
145,144.4730625068622
145,144.4730625068622
145,144.4730625068622
145,144.4730625068622
145,144.4730625068622
35,36.25296365034444
55,63.149273270806226
80,80.26688804880831
80,80.26688804880831
80,80.26688804880831
80,80.26688804880831
80,80.26688804880831
80,80.26688804880831
90,90.31305126416373
90,90.31305126416373
125,125.43966724113648
115,111.98590555149998
115,111.98590555149998
115,111.98590555149998
195,197.70205304435382
27,24.769042826464425
80,86.4113629345077
140,140.20829464416127
170,145.57784638022252
55,52.6526218289677
140,152.8086332251852
85,96.72167653628594
140,122.02663968482011
115,112.04268450391734
145,144.06065341863248
145,144.06065341863248
60,60.963874851510646
60,60.963874851510646
60,60.963874851510646
145,139.35097044946315
95,117.48377461241726
95,97.35625363257542
100,99.97568198952857
100,99.97568198952857
100,99.97568198952857
100,99.97568198952857
100,99.97568198952857
100,99.97568198952857
100,99.97568198952857
100,99.97568198952857
100,99.97568198952857
100,99.97568198952857
100,99.97568198952857
100,99.97568198952857
100,99.97568198952857
100,99.97568198952857
100,99.97568198952857
100,99.97568198952857
100,99.97568198952857
100,99.97568198952857
100,99.97568198952857
100,99.97568198952857
100,99.97568198952857
100,99.97568198952857
100,99.97568198952857
100,99.97568198952857
100,99.97568198952857
100,99.97568198952857
100,99.97568198952857
100,99.97568198952857
100,99.97568198952857
100,99.97568198952857
100,99.97568198952857
100,99.97568198952857
100,99.97568198952857
100,99.97568198952857
100,99.97568198952857
100,99.97568198952857
100,99.97568198952857
185,153.19774388020173
65,62.80508588966833
175,145.72543703532875
125,157.07404410390856
195,188.1224677120718
195,188.1224677120718
65,68.06797815857882
125,148.65627515416477
145,137.03913539618313
185,173.04364998366236
190,182.93719423983106
85,92.17544846958961
95,89.40099333715493
85,86.5661205221831
135,140.91379806842326
135,140.91379806842326
115,110.06607259786433
110,111.07973475997717
85,93.37982278106493
85,93.37982278106493
50,49.89607684415854
50,49.89607684415854
50,49.89607684415854
85,118.31142026387285
75,83.46461591114243
75,83.46461591114243
75,83.46461591114243
27,28.125046504325315
110,111.74471751073608
10,10.047650943017846
10,10.047650943017846
135,137.31531768347867
135,137.31531768347867
95,94.50600904249731
145,145.3774822087669
145,145.3774822087669
115,101.50326911130219
185,176.4525523718642
50,50.700063363557035
50,50.700063363557035
50,50.700063363557035
50,50.700063363557035
50,50.700063363557035
145,141.18520501991463
145,141.18520501991463
145,141.18520501991463
140,144.80690267136063
140,140.89588411299158
160,158.97372106607335
55,55.53833619106223
21,19.405112347714734
21,19.405112347714734
21,19.405112347714734
21,19.405112347714734
17,23.563889013359788
125,118.37408988372881
130,129.1871597343615
55,60.936889258036715
160,153.64155797964722
55,60.36133827322348
120,124.26193135525145
100,96.67363978135799
110,128.59262621151427
150,150.80077576141124
165,164.1754198940157
165,164.1754198940157
120,113.37638582744762
165,149.11014579262763
115,116.79031187755176
115,116.79031187755176
55,55.786175266471666
135,133.1428569380598
145,144.68017337915998
145,144.68017337915998
145,144.68017337915998
145,144.68017337915998
145,144.68017337915998
145,144.68017337915998
145,144.68017337915998
145,144.68017337915998
145,144.68017337915998
145,144.68017337915998
125,130.8846482860275
145,143.73673642661348
145,143.73673642661348
175,159.03810207144028
175,159.03810207144028
110,109.25976269755803
155,153.3060590361125
130,131.85364143352902
130,131.85364143352902
160,148.39335576853227
110,111.25301190088865
110,111.25301190088865
110,111.25301190088865
110,111.25301190088865
110,111.25301190088865
110,111.25301190088865
110,111.25301190088865
110,111.25301190088865
110,111.25301190088865
110,111.25301190088865
110,111.25301190088865
130,137.69298279620384
130,137.69298279620384
130,106.53141985675818
120,103.84715984077738
120,127.75113635528011
60,69.14659259840039
115,99.43185899166642
115,121.7702375104938
27,16.547487021527864
105,103.57542407973393
115,113.27585413782816
115,113.27585413782816
160,159.87228330066904
160,159.87228330066904
160,159.87228330066904
155,154.56378712574332
155,154.56378712574332
155,154.56378712574332
155,154.56378712574332
155,154.56378712574332
155,154.56378712574332
155,154.56378712574332
155,154.56378712574332
155,154.56378712574332
155,154.56378712574332
155,154.56378712574332
155,154.56378712574332
155,154.56378712574332
155,154.56378712574332
100,104.28676322223919
85,83.72643929053687
85,83.72643929053687
50,65.93656338193877
50,65.93656338193877
70,68.94540393835564
70,68.94540393835564
70,68.94540393835564
70,68.94540393835564
70,68.94540393835564
70,68.94540393835564
70,68.94540393835564
70,68.94540393835564
70,68.94540393835564
60,88.27540183709608
27,28.935078786225738
145,152.8991528000529
70,76.71208609194778
90,89.05379982091844
90,89.05379982091844
90,89.05379982091844
90,89.05379982091844
170,168.7181319958674
32,34.48553076659691
60,59.411813887074594
60,59.411813887074594
115,116.05778327696764
115,116.05778327696764
115,116.05778327696764
165,168.7614383235681
155,162.87185187865728
140,151.75258172162057
90,86.6596646085186
170,170.02808429688426
50,51.78004436798625
50,51.78004436798625
50,51.78004436798625
50,51.78004436798625
50,51.78004436798625
60,60.53459617102037
60,60.53459617102037
60,60.53459617102037
60,60.53459617102037
60,60.53459617102037
60,60.53459617102037
60,60.53459617102037
130,141.2470403084244
155,157.59022328976403
150,149.580118959241
165,144.9060793038355
145,143.23128223768907
155,156.25063055034806
155,156.25063055034806
155,156.25063055034806
105,104.04273714573462
100,99.05695065376237
165,129.5137753133332
130,124.54285991738153
150,155.47335700723727
135,148.3433687547826
145,144.2082858738188
225,207.68761160540998
155,153.83280837279534
75,80.98332394461045
60,68.00344521631155
125,113.12141258573786
75,93.24816061373599
50,49.893102472964
50,49.893102472964
50,49.893102472964
50,49.893102472964
50,49.893102472964
50,49.893102472964
50,49.893102472964
75,81.14899076421145
75,81.14899076421145
75,81.14899076421145
75,81.14899076421145
75,81.14899076421145
60,61.12816478822018
60,61.12816478822018
60,61.12816478822018
60,61.12816478822018
60,61.12816478822018
60,61.12816478822018
130,132.48120054978125
43,29.243216119033413
130,126.44885817846242
90,109.44103329233072
120,113.58297005256112
150,144.42965698159526
205,111.20020681273472
80,81.8007749447238
100,100.63335476346882
100,100.63335476346882
100,100.63335476346882
90,84.44473788037288
120,115.56770428776167
135,125.7048095922238
100,99.61365737906101
130,131.09126053031665
130,131.09126053031665
130,131.09126053031665
120,112.66957152073448
100,99.99088724590679
100,99.99088724590679
100,99.99088724590679
125,140.6017492529886
160,174.38239240148152
155,160.22182289344858
180,173.80811184707522
130,122.36611161071708
130,122.36611161071708
135,128.2212838130643
85,80.4053249277671
85,80.4053249277671
55,107.39552472011479
80,80.20901849780465
80,80.20901849780465
80,80.20901849780465
80,80.20901849780465
80,80.20901849780465
115,113.84374717437261
115,113.84374717437261
90,121.17060748321421
170,168.57841521496343
100,92.51956832658189
100,92.51956832658189
85,86.00278811451756
14,13.476055650191116
14,13.476055650191116
14,13.476055650191116
65,66.68030436370532
170,175.78598248344687
150,150.08576740826342
150,150.08576740826342
135,130.6318684871312
135,130.6318684871312
60,60.50750386228164
60,60.50750386228164
60,60.50750386228164
60,60.50750386228164
60,60.50750386228164
165,165.48537614008748
165,165.48537614008748
165,165.48537614008748
165,165.48537614008748
165,165.48537614008748
165,165.48537614008748
165,165.48537614008748
200,208.0151809839792
115,117.82384577030317
195,166.61572112120933
110,112.20580211639773
90,96.9519847781106
135,160.88526677820334
65,77.97631124658044
155,151.50924427463985
125,159.7303403766943
230,229.90403585746293
230,229.90403585746293
230,229.90403585746293
230,229.90403585746293
70,69.55124074269574
165,156.24477253883975
130,122.02787279329208
130,122.02787279329208
165,169.3885436091691
165,168.31577877972734
140,147.32900952987848
140,147.32900952987848
110,96.13192414507574
60,73.63804213205029
115,101.27622106951459
155,153.28708715744222
140,137.75200233182915
27,30.53125044135882
27,30.53125044135882
27,30.53125044135882
27,30.53125044135882
150,154.6092187781645
13,11.909691390346698
13,11.909691390346698
90,90.4612278745756
130,143.73805049700053
115,110.33109978736744
155,154.63684615200475
130,129.25560209552526
130,129.25560209552526
60,67.77329703855695
130,119.48192602212087
75,115.55868042277267
65,71.86114414543651
125,129.3263934045173
125,129.3263934045173
110,115.50485801840856
140,135.5101943410059
130,126.36333052994327
125,121.86062185872534
38,23.938069992800905
115,107.0372330884451
65,68.57097448648139
65,68.57097448648139
65,68.57097448648139
65,68.57097448648139
75,88.79985540367095
75,88.79985540367095
130,124.10844671217555
150,123.11701870781451
50,65.22231479918558
105,98.76162889583011
165,161.41339488875562
80,82.18543513230028
135,137.52463918225337
155,148.87365016782792
115,114.46094533726027
100,104.23169752548809
145,144.67408465806426
145,114.1062599322821
145,114.1062599322821
145,114.1062599322821
120,114.38403575225311
190,168.12156300473782
33,40.50326257630481
115,113.3852080901629
115,113.3852080901629
115,113.3852080901629
115,113.3852080901629
125,116.93633423030826
90,92.76361103639188
90,92.76361103639188
90,92.76361103639188
90,92.76361103639188
90,92.76361103639188
90,92.76361103639188
130,131.2175463689391
130,131.2175463689391
130,131.2175463689391
160,156.3021695776214
150,156.18450630814536
135,142.7968036198834
145,147.65173315247347
150,147.37511310607553
150,147.37511310607553
140,151.9574940892475
140,151.9574940892475
115,121.82672154826649
65,56.85713981066678
150,166.80041855791552
100,97.5642037086306
100,97.5642037086306
165,145.75915756888332
165,145.75915756888332
70,73.3973623823513
70,73.3973623823513
70,73.3973623823513
70,73.3973623823513
70,73.3973623823513
50,55.91652115160947
28,30.738796574819148
28,30.738796574819148
28,26.76036441959873
28,26.76036441959873
180,156.61775805000303
160,157.73756085122443
85,87.88249269470899
85,87.88249269470899
85,87.88249269470899
85,87.88249269470899
130,131.00080975589626
130,131.00080975589626
130,131.00080975589626
125,146.07216675801678
145,151.6904073687832
21,22.5465004870185
21,22.5465004870185
150,150.4753994083946
150,150.4753994083946
150,150.4753994083946
160,194.66622437910382
170,159.40426559479442
140,130.89747536789102
135,133.3437586506088
29,22.765437684629514
115,125.25631215461355
75,76.19176181348404
14,1.2890642097480294
29,32.28769678921223
140,137.85794792319737
140,137.85794792319737
190,186.1145349242591
190,186.1145349242591
190,186.1145349242591
130,136.3802282538875
75,112.28604230165884
75,112.28604230165884
50,51.7515222673908
50,51.7515222673908
50,51.7515222673908
50,51.7515222673908
50,51.7515222673908
50,51.7515222673908
50,51.7515222673908
50,51.7515222673908
50,51.7515222673908
140,137.20785375491008
155,156.73252594963716
140,140.35355385388704
140,140.35355385388704
140,140.35355385388704
140,140.35355385388704
140,140.35355385388704
140,140.35355385388704
140,140.35355385388704
140,140.35355385388704
140,140.35355385388704
140,140.35355385388704
140,140.35355385388704
135,142.77501541565906
180,156.40482673661162
110,110.34674076257521
110,110.34674076257521
145,137.05772096977105
24,25.314492679461868
125,144.38478194879468
80,89.08069096077294
70,77.31048062031765
70,77.31048062031765
70,77.31048062031765
155,153.0692583493904
165,164.34036399604733
165,164.34036399604733
80,76.93732739053317
18,20.055264881354795
150,149.97390961662566
150,149.97390961662566
150,145.7624420857851
150,145.7624420857851
140,123.63001789484449
165,164.93823914787833
135,145.49830884952166
140,140.21712920887038
140,140.21712920887038
140,140.21712920887038
140,140.21712920887038
130,132.8885288458098
130,132.8885288458098
90,91.33903592070615
90,91.33903592070615
130,128.46574460964698
150,155.38018593087295
180,179.99469771331587
180,179.99469771331587
180,179.99469771331587
180,179.99469771331587
180,179.99469771331587
180,179.99469771331587
180,179.99469771331587
180,179.99469771331587
180,179.99469771331587
140,138.70391820325
140,138.70391820325
140,138.70391820325
140,138.70391820325
140,138.70391820325
140,138.70391820325
140,138.70391820325
140,138.70391820325
140,138.70391820325
24,23.461579010005273
155,151.8904368745115
155,156.56096430941554
155,156.56096430941554
21,28.887916188742032
21,28.887916188742032
105,102.26726452048223
80,78.68228281345652
105,105.12570808974138
105,105.12570808974138
145,128.02618873831375
130,130.6201890267869
125,125.17934887747172
125,125.17934887747172
125,125.17934887747172
125,125.17934887747172
125,125.17934887747172
125,125.17934887747172
125,125.17934887747172
125,125.17934887747172
125,125.17934887747172
125,125.17934887747172
125,146.42586575457435
125,123.89177957834946
135,155.5997430910531
195,174.25811711577782
140,129.90129355129807
140,144.50360454017326
80,84.38819947593386
165,138.60556693185
150,145.5649153509286
120,120.03542631891796
120,120.03542631891796
55,117.90574326012268
125,141.59805023244647
110,106.95494177517689
110,106.95494177517689
130,130.3051711329444
105,103.6202008527079
115,114.92210740325548
135,109.04591080372562
65,62.02700767368622
150,137.67134717964467
150,137.67134717964467
135,133.28309216678764
135,133.28309216678764
140,149.19924430079644
135,139.94296846946352
135,139.94296846946352
130,135.1618125715158
110,90.54019560247617
110,90.54019560247617
155,153.2089833491211
155,153.2089833491211
90,87.38200308816222
135,149.10012477341817
115,101.3118091393461
135,135.41775908891788
55,57.30832550346397
55,57.30832550346397
120,105.46992428323952
65,64.70801956272169
65,64.70801956272169
65,64.70801956272169
65,64.70801956272169
65,64.70801956272169
60,66.15986296708932
100,101.66271251572797
100,101.66271251572797
100,101.66271251572797
90,88.15515866787865
90,88.15515866787865
90,88.15515866787865
90,88.15515866787865
125,145.53882643921665
70,68.8970947466472
70,68.8970947466472
65,68.64127105913428
190,190.18754923468313
180,179.9818071191351
180,179.9818071191351
180,179.9818071191351
180,179.9818071191351
180,179.9818071191351
180,179.9818071191351
180,179.9818071191351
180,179.9818071191351
180,179.9818071191351
180,179.9818071191351
180,179.9818071191351
180,179.9818071191351
180,179.9818071191351
180,179.9818071191351
180,179.9818071191351
180,179.9818071191351
180,179.9818071191351
180,179.9818071191351
180,179.9818071191351
180,179.9818071191351
180,179.9818071191351
180,179.9818071191351
55,60.372473443408964
80,94.47520405114912
145,142.39912912775526
130,140.73955158032837
115,114.43130796138469
95,89.72127683078392
95,89.72127683078392
105,101.6385064748133
135,159.04455888275407
160,161.49923146684327
160,161.49923146684327
160,161.49923146684327
65,70.89583179186303
65,70.89583179186303
115,118.51014002984462
125,121.33735628692698
130,128.9662918348038
130,128.9662918348038
115,118.0137207903852
115,118.0137207903852
180,167.04931017449647
180,167.04931017449647
125,127.8157336224485
125,127.8157336224485
130,132.34929556957042
18,17.948200343289315
18,17.948200343289315
135,139.6169568982602
140,137.36685543276124
140,137.36685543276124
140,137.36685543276124
140,137.36685543276124
140,137.36685543276124
140,137.36685543276124
140,137.36685543276124
140,137.36685543276124
140,137.36685543276124
125,120.95078695751333
170,169.3440881709864
170,169.3440881709864
170,169.3440881709864
170,169.3440881709864
170,169.3440881709864
155,161.43194888202126
95,95.66251936992843
95,95.66251936992843
95,95.66251936992843
150,150.1561037746447
65,64.62546632236031
130,129.4838605216968
130,129.4838605216968
130,129.4838605216968
34,27.797037744629613
120,121.38892023813366
135,133.08063978205934
130,139.87293949174858
155,156.58739497331717
90,94.96518951304755
125,125.51877909532455
125,125.51877909532455
125,125.51877909532455
125,125.51877909532455
125,125.51877909532455
125,125.51877909532455
140,122.81520855708028
145,128.9370488072138
155,151.44855930413567
160,156.32423014580237
190,188.41056739150238
195,179.7692424336265
125,119.96752538684909
125,119.96752538684909
135,136.68539915787693
120,126.16031277060682
120,126.16031277060682
33,25.91884999188948
100,103.76411666526187
140,144.6211998210712
110,107.8191887145724
105,104.47578098389685
135,143.53068842629392
34,34.640940256433694
80,72.49662328447796
130,122.95593087687863
170,165.50857449057588
95,94.81029465961728
75,76.46202234344813
75,76.46202234344813
75,76.46202234344813
75,76.46202234344813
31,34.446604156989395
195,189.49444725272602
170,175.54180931444188
100,97.4021579884453
16,23.40026324651079
95,94.58153083891628
16,19.73379283691169
16,19.73379283691169
50,58.87015543186021
140,129.2443937486335
22,13.335566018807917
50,71.26774575163618
90,91.80792979836025
90,91.80792979836025
50,68.7525617823112
17,14.008317501817466
16,14.430848858256635
95,94.47390863382434
95,94.47390863382434
125,126.47495555598796
100,114.45068828819188
140,142.29522679778276
95,97.2091112885099
60,60.8799845163472
85,80.57492157223182
85,80.57492157223182
85,73.41930788183237
165,163.7233785738011
165,163.7233785738011
165,167.59066747389983
75,87.43121374468788
115,113.08111378832626
115,114.90959326200797
115,114.90959326200797
130,132.84435107443556
75,72.85386521570182
75,72.85386521570182
50,51.506807662890076
160,157.04130939156394
75,73.39109994934877
25,30.389663872305178
25,30.389663872305178
60,79.81404919584375
60,105.07613278764833
80,79.15994702311855
80,79.15994702311855
80,79.15994702311855
80,79.15994702311855
90,79.8993228644127
18,9.055778555061037
80,109.23425875451112
80,110.94213700522705
75,78.10271273014692
75,78.10271273014692
90,90.64679426362568
90,90.64679426362568
140,145.45371165930067
110,105.58506021423625
125,121.14175137747918
110,95.87163324737284
80,81.02522194757445
85,85.73736943906276
75,86.13037230287122
75,86.13037230287122
75,93.3354387360765
125,126.82509010970341
70,68.5588072757875
130,128.731106495405
130,128.731106495405
75,88.30702327482598
125,123.5615193313232
26,24.72265551862558
115,109.75242158389301
95,95.81967151560534
95,97.92962641830923
80,86.43847636333327
100,108.00610636161497
125,127.02578567834509
85,82.81772529300423
85,87.91837844723963
85,87.91837844723963
85,87.91837844723963
125,138.3597452323883
90,83.43840422012856
80,78.1150895992852
80,78.1150895992852
80,78.1150895992852
80,78.1150895992852
80,78.1150895992852
95,94.30067609966795
150,146.08988922769223
90,89.10969651444397
90,89.10969651444397
90,89.10969651444397
140,114.87282141190862
130,118.24888282986588
95,96.79217410068473
95,96.79217410068473
95,96.79217410068473
95,96.79217410068473
95,96.79217410068473
95,112.65832133390171
130,125.81810130352592
85,82.39420608734885
145,100.99107701340748
140,107.62954473828955
140,107.62954473828955
95,93.03487104511674
95,93.03487104511674
95,93.10893608516106
95,93.10893608516106
95,93.10893608516106
85,84.05553766887184
80,80.30805792022055
70,66.2843886532171
19,9.573580974565106
19,9.573580974565106
19,9.573580974565106
19,9.573580974565106
80,84.87066472897247
50,68.19493550721161
90,77.1573000489456
90,77.1573000489456
85,102.55407311916437
90,91.30321244358142
90,91.30321244358142
90,91.30321244358142
90,91.30321244358142
90,91.30321244358142
130,122.76020105769969
95,88.72961322729329
125,135.32841383029768
80,82.10908310360692
130,123.52443984713793
130,123.52443984713793
130,123.52443984713793
90,92.54421034181932
145,144.84843554648563
145,144.84843554648563
145,144.84843554648563
190,190.8105072809997
190,190.8105072809997
60,78.69407938803202
125,147.53294135477043
70,77.73250277619586
145,142.1842301144079
90,88.3487717436296
90,88.3487717436296
50,55.67582334451308
55,58.06911248950509
55,58.06911248950509
85,87.74622393990072
75,83.97489353714577
115,115.52690414272278
105,115.93398935334523
145,142.55835234326184
145,142.55835234326184
135,139.96020904558904
130,127.13528973067758
130,127.13528973067758
24,20.74330880952878
24,20.74330880952878
150,141.47605035910274
100,103.99116274050449
100,103.99116274050449
85,86.47684628321423
60,73.18105056079959
105,105.24060569402303
21,22.81890539243352
21,22.81890539243352
145,148.08615914313825
175,173.90526225163936
175,173.90526225163936
80,86.58539355841836
125,124.66739900510512
120,116.98505006696868
30,34.14257234399728
200,185.1117061758183
85,97.27791966095378
150,147.46343767206645
125,126.74271725641412
80,85.46322099166841
75,75.1973258299794
75,75.1973258299794
75,75.1973258299794
120,127.67723009166654
140,119.02899818860782
150,165.7372170301759
220,189.28916381042848
90,93.1582030970312
90,93.1582030970312
85,85.34151448756108
85,85.34151448756108
190,192.38238901189138
140,135.99293990536415
100,100.89148832929912
100,100.89148832929912
75,71.55091417772175
90,74.00260609309315
50,74.60824531327033
130,113.58399075990671
95,96.54608423203933
135,105.81239752514935
140,137.64110876170716
150,150.04865411204312
150,150.04865411204312
120,102.2529218108226
120,102.2529218108226
115,116.91094839180457
100,126.53085080250696
115,108.36371844516097
135,145.93199550558967
135,145.93199550558967
95,91.22461313983595
95,91.22461313983595
95,91.22461313983595
95,91.22461313983595
90,96.05821067109639
85,78.31790074873291
85,78.31790074873291
55,67.50261037565389
50,70.64100053535357
205,204.06156316029887
85,82.0213825382099
85,82.0213825382099
85,84.35666280551439
65,75.31589994272574
140,135.42281282245622
160,161.1810852012821
175,174.85051324995402
175,174.85051324995402
175,174.85051324995402
130,130.15308887798952
140,136.43542742288386
120,88.37748668196795
80,78.95492911633015
80,78.95492911633015
80,78.95492911633015
60,64.98105943117181
60,64.98105943117181
125,107.61352821832573
125,107.61352821832573
65,72.65194518921304
115,113.93552863374528
115,113.93552863374528
115,116.33077819147788
130,137.5314982337518
70,63.02308615765759
15,15.157387119553286
135,126.46203135201957
90,81.7006198017959
95,110.59164223387204
125,130.38464031923587
75,73.11490130489858
75,73.11490130489858
100,110.02113347120135
80,86.31624607411445
80,111.8328673681391
165,171.36276639702626
90,94.44983162548185
110,109.00830781090592
115,130.78744908608502
75,68.52423523998976
75,68.52423523998976
110,110.40109838602388
130,133.7286440756782
130,133.7286440756782
95,95.9394157156599
105,107.9950414296692
105,107.9950414296692
65,96.8812108632214
85,89.05550475736408
80,76.07044497914212
135,99.74451394828131
70,73.05767191789877
90,105.1697178918647
210,208.28032696238446
210,208.28032696238446
85,88.97254507887493
55,55.71044028107847
55,55.71044028107847
165,164.4751205172385
75,79.41211693916824
50,57.52040822347924
75,80.53617120486416
220,180.78647661016734
95,105.15881762633158
150,148.10613899188724
55,54.96750140479293
110,102.64346011026237
110,102.64346011026237
110,102.64346011026237
60,71.29048032861887
135,131.16620756220647
85,86.39584006978899
145,143.6693748730948
75,75.48673221996474
125,131.74081494197262
105,127.87180369868959
140,130.2351478855331
140,130.2351478855331
130,115.82769198666963
135,108.32195761882147
105,108.7476622737913
130,99.87468768676064
85,89.32397452081779
145,137.83918484600756
100,103.21654312147089
17,8.08743429716969
110,112.23019032111395
110,112.23019032111395
130,123.79989791760573
23,23.862016454688007
23,23.862016454688007
85,83.50239390661167
160,152.61430250015957
130,128.17872261414198
125,134.8572155709068
105,95.00179646445518
180,172.63148407701667
140,133.73664607956457
120,128.73831271381962
175,162.38391719239422
175,162.38391719239422
12,16.6656783884595
135,131.4904708982351
60,53.71444158661802
110,97.9091730972401
37,43.0005895657388
165,161.5250208219603
195,191.38039151906435
195,191.38039151906435
75,75.38301592922122
75,75.38301592922122
125,139.8133015574834
140,139.45761090343274
130,145.93403210731307
145,110.95326237259633
90,89.30912688418199
165,134.83931762022547
90,119.90048917031817
27,24.338530328055864
105,110.5443490657786
170,170.4630832708581
125,103.04865992618937
85,98.14499879217846
95,86.29536367202343
31,32.46162764529133
155,150.18218394245193
155,150.18218394245193
155,150.18218394245193
140,124.49984463200724
110,117.12523621341307
115,122.55690968862275
210,207.41697398177624
70,72.28349236069803
10,8.792401788696928
10,8.792401788696928
140,113.78791643177584
140,137.8018073260459
160,151.91488487164983
29,29.910340911437665
90,86.45662833052025
95,98.1511642009715
95,98.1511642009715
130,114.23471517454993
75,81.54649475041305
100,100.88745296521276
100,100.88745296521276
30,32.99883805480813
30,32.99883805480813
90,99.18048545368623
125,125.26274413983074
125,125.26274413983074
125,125.26274413983074
10,9.023154488127092
145,145.80504863849654
115,118.01300428561635
95,106.10752599932985
110,113.814467978656
90,89.07434337553693
90,89.07434337553693
170,142.52263180995732
150,153.9675507811533
55,57.57788603439261
120,120.7199290257167
110,92.8716349744536
90,87.35891562165683
95,88.05059436359133
65,66.81634141902535
65,66.81634141902535
65,66.81634141902535
65,66.81634141902535
75,76.0110079666765
135,145.27864397104392
60,73.8104257296873
80,81.51078285805498
55,63.84241363615726
205,203.50868462999665
205,203.50868462999665
205,203.50868462999665
75,81.1634716562984
115,127.66740364163238
115,115.0821945279023
130,131.49394609802079
180,139.05041864352694
150,143.67604320157676
170,199.81286454693424
110,117.31776087751638
90,71.91173059423627
145,114.85466185880534
155,149.79002002409973
145,140.65173268118556
135,112.44949149565754
205,184.30944425382012
85,84.44265933289111
150,150.38401660579848
150,150.38401660579848
100,96.67524864663541
110,94.07292173302619
125,130.00135603486325
125,130.00135603486325
34,34.72553317179893
60,62.89504580504509
90,89.00915572726394
135,123.89729999036443
60,60.73636048519172
60,60.73636048519172
65,73.36140731212703
135,133.38707528622575
135,133.38707528622575
135,133.38707528622575
220,207.83994100674778
125,103.61593573021952
155,166.8146948077987
145,136.0493695323656
105,110.05676290911681
125,121.63507542248124
85,85.51879104875313
85,85.51879104875313
55,88.0381289221411
135,128.97933601891046
160,159.6678976378597
160,159.6678976378597
80,93.29304711648777
140,155.25614996162955
125,103.05342473154005
110,102.65445570094745
85,99.80703072148825
130,123.39858838378117
165,161.44508594865934
110,104.47213525625138
75,74.57249449895662
75,74.57249449895662
220,219.24667484726186
220,219.24667484726186
155,154.16170222228706
105,100.23959499780398
105,100.23959499780398
60,64.84635539745737
100,110.44472222071843
80,81.17626631388566
65,67.40629741753258
70,72.03991159202057
70,72.03991159202057
125,119.21148685876736
200,168.5085643317445
125,124.60196678208489
125,124.60196678208489
125,124.60196678208489
125,124.60196678208489
75,122.98969568050956
80,75.73367263284713
60,68.72467721259417
125,126.61829168453544
150,170.3685014851578
20,21.84005913207715
20,21.84005913207715
20,21.84005913207715
125,121.17288795430487
125,121.17288795430487
80,90.41666996301181
105,108.99315395383407
120,104.63763766635746
75,74.5848029167069
75,74.5848029167069
90,91.57273243219402
60,71.74089228068948
105,118.55794723004419
75,93.12362762965557
170,164.77439170432933
60,57.562747720339466
60,57.562747720339466
60,57.562747720339466
135,159.9623963940707
24,25.857458983262674
190,172.2572732186454
95,88.21491253016275
95,101.28419374075615
175,178.565702445177
140,138.43078399222358
75,71.60686763324173
140,136.94561837079058
135,136.43721809814855
120,121.92656205824925
95,89.32187591612355
95,89.32187591612355
60,62.495639119636095
175,160.91345790515774
165,186.72038886690024
185,184.04463886962043
185,184.04463886962043
95,96.65054411457962
95,96.65054411457962
95,96.65054411457962
95,96.65054411457962
90,94.57403401606535
90,94.57403401606535
65,95.03847648095996
145,154.44892416780536
125,116.06428961803596
90,104.70170696087548
215,196.37106134891582
105,102.48593524353677
105,102.48593524353677
165,166.79040400355726
165,166.79040400355726
165,166.79040400355726
140,141.1192719930178
140,141.1192719930178
150,150.61616010284698
85,94.19052300046336
32,34.019943917767755
32,34.019943917767755
55,66.54149576834797
55,66.54149576834797
110,130.21462272444847
75,82.34981069358209
140,115.43773871325358
90,98.10441318638281
180,181.57084411243548
135,131.80664069483367
135,131.80664069483367
125,127.02200681528787
29,37.826606039149524
115,112.79782598417991
175,195.7153005957576
65,60.17810696280007
150,143.11298026893905
155,151.42575093856505
155,151.42575093856505
160,161.4506064105052
160,161.4506064105052
70,74.75906089334136
195,179.17110266433096
105,103.95850924306164
130,133.25044545335876
125,128.49949204417948
125,128.49949204417948
27,29.844167528996255
27,29.844167528996255
130,130.86108467204954
130,130.86108467204954
140,107.10518391116528
50,63.43979449788382
85,79.11969320255056
145,113.91372160049086
75,77.62128591383178
140,116.93712551479682
95,89.00567901313366
130,136.79229018760427
140,136.15739735096847
150,152.70115063660984
110,110.72790495550232
135,123.69032248270932
180,170.85537559877733
165,178.0125835262635
60,58.27561995594868
130,131.90798783440428
130,131.90798783440428
130,131.90798783440428
130,131.90798783440428
90,96.95777592401895
125,132.1666519018475
115,117.82745281872462
165,163.68445637276275
215,201.02752379536918
215,201.02752379536918
75,75.8695161396719
160,159.39078336361686
160,159.39078336361686
160,159.39078336361686
160,159.39078336361686
50,70.87312831730924
105,107.4842925031634
95,94.08960989230944
95,94.08960989230944
19,18.84914910471499
19,18.84914910471499
75,84.54316263409609
165,161.64044035062543
110,157.00343041964467
55,68.01849876162352
55,68.01849876162352
140,139.70099652599995
65,65.54512788147048
65,65.54512788147048
200,194.81238526380122
200,194.81238526380122
200,194.81238526380122
145,139.42365190301152
60,65.47836217666568
95,93.16443532459232
95,93.16443532459232
130,135.4422298260908
80,100.40460212531087
80,100.40460212531087
17,19.65814783721369
195,193.54100687590466
195,193.54100687590466
215,185.2936270186928
110,111.0036232614978
110,111.0036232614978
110,111.0036232614978
105,104.58475110255198
105,104.58475110255198
105,104.58475110255198
190,169.51139619911424
180,151.60947047542524
200,188.14050826978988
145,146.43463663744907
140,137.18087543139103
140,137.18087543139103
160,159.79666335530226
110,115.7762261743838
110,107.07053518173569
170,170.83656718713758
170,170.83656718713758
170,170.83656718713758
70,72.1237967381586
130,102.92155712732811
90,105.67644266861686
44,41.95968410617508
44,41.95968410617508
130,134.64856920922907
75,77.91785068137239
75,77.91785068137239
75,77.91785068137239
28,28.50742724424113
110,99.14796878798134
110,99.14796878798134
130,126.86639050737425
130,126.86639050737425
145,144.62282095840612
145,144.62282095840612
150,156.96300099858107
185,188.73285926064617
105,103.55594506453862
105,103.55594506453862
185,127.64296773865354
135,138.47548156340764
135,138.47548156340764
130,133.42588161695832
85,90.5258443342724
85,90.5258443342724
75,85.5269785942623
125,140.3860309576978
55,83.36005491059989
165,169.23156016858735
175,169.92958512460768
60,86.94072790434139
65,96.9986070274315
145,134.82190285474707
145,139.85966529050128
39,41.857835462182415
160,160.82361331939777
190,202.56301973847528
80,88.46140239191752
95,84.73801826802784
120,110.56696323076011
80,116.16976401063644
120,113.98650026806736
120,113.98650026806736
90,90.16109630423277
90,90.16109630423277
105,107.60658699937343
110,107.08873966401121
150,150.96162583168302
220,187.87508537197883
105,101.9085506282151
80,77.56502903933169
80,77.56502903933169
75,79.46299445724404
75,79.46299445724404
75,79.46299445724404
80,90.83868198826346
95,74.2926913959365
50,50.32867208757004
135,132.88807004066146
55,54.466765786031424
170,169.29873352690197
205,202.55649937647965
205,202.55649937647965
210,192.6317884363017
200,209.75642051957485
200,209.75642051957485
10,10.335351868454682
125,122.35398116373817
125,122.35398116373817
125,122.35398116373817
125,122.35398116373817
125,122.35398116373817
15,25.272435662922163
105,118.42869723989455
130,125.55051369230429
50,56.14688054529904
60,76.20867167880483
125,125.9299403840325
145,147.95700241601966
190,196.7198517974907
175,160.16039288631993
125,134.74181420252788
90,102.04593525718973
140,138.9617944679577
95,109.85054900080918
95,118.34086668155594
24,23.661937195551427
24,23.661937195551427
24,23.661937195551427
210,185.41246685660167
135,120.24857884201555
170,167.64617148464487
140,139.25865314853263
140,139.25865314853263
29,27.609586549557847
145,110.44246685240907
100,92.52694571405408
135,133.81250262771655
135,133.81250262771655
135,133.81250262771655
135,133.81250262771655
135,133.81250262771655
90,89.55323079196442
95,113.55014466869227
205,189.49273868760025
150,162.64649727564205
155,156.79818691566365
95,97.75218182431608
125,132.93088791701788
80,105.75609821267717
170,174.79926644674205
65,66.15471255467644
105,96.09080920355557
105,101.40850661313011
65,60.611199944895446
160,155.19526573141871
55,56.955048228620576
105,105.83671840967075
125,155.10263812140033
185,180.17699888682804
120,116.26904518856598
85,85.17502977897209
150,146.14831197838592
90,91.05319004280709
90,91.05319004280709
115,91.88963445084153
140,135.57244868865712
140,135.57244868865712
155,172.74861110471423
55,64.0756908189324
50,73.47107918811659
160,148.82868615178714
100,113.42399851136682
180,170.53111912576782
160,160.7125758494774
160,160.7125758494774
160,160.7125758494774
160,160.7125758494774
60,56.33068838408901
80,90.09945383525877
180,107.9364704417875
95,90.41718795789764
95,90.41718795789764
105,88.02343396913994
100,87.28648385023968
205,203.87396308870834
85,83.7577468511867
85,83.7577468511867
60,74.8854463687465
125,123.526285735842
125,123.526285735842
200,202.916572676885
19,19.417491912956528
95,109.52097905817632
95,92.66777410516463
95,92.66777410516463
95,92.66777410516463
75,81.6884514814842
140,137.13898827107258
75,68.76792220964496
190,194.79948285886786
65,61.91073239482125
90,102.87610849120995
125,123.75180108366126
125,123.75180108366126
125,123.75180108366126
125,123.75180108366126
75,80.6913599131966
75,80.6913599131966
95,89.83323934082279
130,127.53876364725913
80,93.76795710424331
95,91.83912401723602
60,60.3163246363862
110,115.99621659647731
195,203.94836559756214
195,203.94836559756214
130,116.3046448349324
145,149.08711995208034
215,210.8309427473655
140,150.22772830312246
185,186.95710781484348
65,60.385879231901164
100,122.11799112997336
215,191.6796640993656
215,191.6796640993656
130,124.5648963266798
140,153.72935035139506
110,83.96640356067202
115,115.72258647647185
120,116.3598273480107
210,206.22224724549778
210,206.22224724549778
210,206.22224724549778
160,150.5726155758074
110,107.25983256969087
110,107.25983256969087
60,66.5381458913213
60,66.5381458913213
75,76.9507721471196
75,76.9507721471196
150,144.997272621953
110,115.94286683725564
95,91.63706557331706
95,91.63706557331706
55,74.47978336818609
55,74.47978336818609
210,214.90857186554
195,144.54503247547166
140,158.49071721119702
90,99.21990411773254
85,84.95138996493931
125,124.56748074188845
125,124.56748074188845
125,124.56748074188845
125,150.19900673732394
100,104.52128975776525
150,199.80845304054958
110,142.8741878727936
140,153.27280826113895
50,63.783440665502226
50,63.783440665502226
17,11.549912909684533
75,76.42718500585782
75,76.42718500585782
75,76.42718500585782
145,143.01778754404847
160,163.22920359550554
135,157.03315410743681
135,157.03315410743681
65,70.13914411330884
100,100.32179664534644
100,100.32179664534644
100,100.32179664534644
145,139.45226171785106
15,6.453544301995048
195,195.06225239871196
110,121.97437367830473
135,147.50890104047753
60,59.1061806572862
60,59.1061806572862
210,202.08344969182662
50,57.035754739308445
95,93.25412039515516
150,149.30911497024488
130,124.66384032118201
130,124.66384032118201
130,124.66384032118201
145,124.9936694046629
130,129.1191452033118
155,152.92405061353278
195,195.11097389199617
100,94.8077820748451
150,154.295167110765
210,210.28881413246395
210,210.28881413246395
110,109.03434505145454
125,119.60437008867945
125,119.60437008867945
130,135.9625613020153
70,72.4229633053734
70,72.4229633053734
70,72.4229633053734
70,72.4229633053734
70,72.4229633053734
75,97.6285275869204
75,97.6285275869204
50,69.0050115358434
105,109.12870286960747
105,109.12870286960747
95,93.52615822668858
140,140.80336654469775
20,27.1410518377676
150,155.41182698962106
125,132.22905358312642
125,132.22905358312642
25,27.84487162367919
25,27.84487162367919
25,27.84487162367919
25,27.84487162367919
135,122.84290590093353
80,80.65477246686048
80,80.65477246686048
80,80.65477246686048
90,93.27036200971118
135,142.4123513355072
135,142.4123513355072
225,213.92338274674051
60,91.0274343159839
60,91.0274343159839
11,2.8353440683572417
11,2.8353440683572417
18,17.973663455782305
220,215.72161777511397
95,79.74232722123995
130,100.96577039913974
130,100.96577039913974
170,173.81112375807868
135,151.89882524161814
125,121.76820914700218
125,121.76820914700218
145,118.58609746121593
145,118.58609746121593
130,92.31011280201115
130,92.31011280201115
13,14.660879041914308
210,172.33862844783965
205,201.9070264044009
205,201.9070264044009
205,201.9070264044009
135,150.64972254528143
180,168.36705833877232
39,40.75172161316802
155,150.2119034042274
155,150.2119034042274
80,91.99855789524571
105,98.76845137470563
150,147.93859566351296
150,147.93859566351296
90,103.4324708921814
90,103.4324708921814
195,204.30224620444937
180,167.5293539269058
140,141.70699064679187
140,141.70699064679187
210,205.76748146677912
95,103.99231260535426
60,75.20838918019228
125,126.5688240010323
105,104.81271264951864
105,104.81271264951864
105,104.81271264951864
105,104.81271264951864
50,70.11332803953057
120,104.52963428048676
145,123.28555125892322
70,88.7595253056753
50,66.38370574230052
50,66.38370574230052
110,117.64124515579994
55,95.65064731107677
85,83.41750887578867
120,118.852803019124
95,89.12736793031841
80,81.32427323714796
11,11.76047686754044
125,117.29297170114225
170,137.36423556554925
225,214.1185023545484
170,136.1263938671508
75,84.77537982182886
100,92.27454056269089
120,109.36641919510318
55,76.73841746934869
55,57.692614615626574
125,127.09080628674398
120,119.92761640187801
75,82.58792400369794
75,82.58792400369794
70,90.34967740865174
120,126.9558782019371
60,88.26291173205614
140,148.45478791623458
200,199.13001314919816
20,11.066012468954558
110,101.46255292770738
110,101.46255292770738
95,92.72606756021575
155,148.53073696404715
15,14.268315171592878
15,14.268315171592878
15,14.268315171592878
110,84.66964472945996
155,161.30844076432192
110,108.67530985452512
115,114.87026984391282
24,31.32722523621117
225,214.89641142693918
180,177.48172892873347
180,177.48172892873347
175,140.98509653159064
85,86.47188849702091
55,57.01165946321175
85,88.95472890317318
70,80.8024452198639
195,186.98280259603857
195,186.98280259603857
195,186.98280259603857
175,182.21156241854712
175,182.21156241854712
90,91.32351512083004
175,175.3871314825605
175,175.3871314825605
185,166.2731348899629
140,106.70051345681502
190,179.8874738066421
60,63.93903525382623
50,69.93179361298968
80,83.92185726902146
80,83.92185726902146
110,115.50846674138356
145,122.5676071998641
145,122.5676071998641
90,100.03929294692917
130,141.38857294149855
210,161.80213016469227
170,162.44319645966692
95,99.81260330429097
95,99.81260330429097
95,99.81260330429097
95,99.81260330429097
95,99.81260330429097
215,205.40153737980046
105,104.7817409028688
105,104.7817409028688
220,136.95814604702915
165,168.95093605684994
110,115.41989216380234
155,168.25272857355
155,168.25272857355
155,151.98757370606407
155,151.98757370606407
185,164.895853475337
125,125.051770398027
125,125.051770398027
185,166.02519670714454
190,156.79847607974315
220,199.80313215255526
130,134.5176049097565
130,134.5176049097565
60,62.84617977974224
60,62.84617977974224
130,129.45738803456723
95,102.93290507216203
95,102.93290507216203
95,102.93290507216203
95,102.93290507216203
205,199.4766960193999
36,36.182013195737866
115,99.16044189820138
100,94.4591763680489
85,94.43484157070509
140,140.43717134999227
105,109.46079436532855
55,67.24924166239002
130,129.82626467368382
130,129.82626467368382
130,129.82626467368382
170,162.43001264784408
130,113.41964546372023
11,16.41682076461012
125,133.012330755545
120,109.48422734427425
90,81.20867901885286
130,168.19185663594212
130,168.19185663594212
130,168.19185663594212
95,78.25013417739663
230,211.71898561785818
125,138.28262784455427
175,144.79266109883673
155,130.3088247313017
65,74.8201864422156
140,139.4632832098877
175,196.75741166806756
135,151.1513103522548
85,79.89457171947268
85,79.89457171947268
130,121.54268884702572
155,152.5597369340628
155,178.7912512569005
90,103.05750657458258
90,103.05750657458258
130,130.16641406017118
130,130.16641406017118
145,141.06397522514274
95,108.78109242959452
75,83.33788911312384
130,123.5560766893161
130,123.5560766893161
130,123.5560766893161
90,88.88715644846746
90,88.88715644846746
55,75.02707873574347
75,78.32955775588671
75,78.32955775588671
150,149.59554253344456
150,149.59554253344456
150,149.59554253344456
150,149.59554253344456
105,105.80955947908001
155,176.4182929246048
100,120.57752818135913
50,84.92181910977513
115,107.37204587333834
85,109.52005419974542
170,174.273319230497
50,91.20498919114956
105,102.56203680508216
105,102.56203680508216
135,156.00505167056886
80,83.05659824931939
80,83.05659824931939
140,117.9994963938303
125,124.03527496382989
50,51.78126892373581
70,68.31674603113511
70,68.31674603113511
70,68.31674603113511
70,68.31674603113511
70,68.31674603113511
70,68.31674603113511
135,133.8524493550966
115,121.45028743160735
130,135.9933052848994
175,163.15563724012992
160,156.01496267341773
150,147.9742542940079
150,147.9742542940079
150,147.9742542940079
150,147.9742542940079
150,137.74169811116306
140,147.48261107202745
160,149.11894303960636
160,149.11894303960636
60,85.77275479684815
75,72.80821169494796
170,162.41834126555412
85,86.45287067238807
85,86.45287067238807
165,163.74888587026962
50,56.078351318796194
50,56.078351318796194
50,56.078351318796194
155,152.38097197973298
180,161.12139569583258
17,17.401769120758015
17,17.401769120758015
17,17.401769120758015
17,17.401769120758015
17,17.401769120758015
160,158.8903457291025
95,98.13230285769197
80,82.75049807264988
80,82.75049807264988
80,82.75049807264988
120,66.29657947219087
120,66.29657947219087
130,144.63133441187017
140,151.22035095159126
55,72.32668736854694
55,72.32668736854694
220,211.41568258411087
37,34.994421514381884
37,34.994421514381884
38,41.03940960527632
29,21.070764865630476
110,112.93217402379275
145,141.403054179417
160,150.90829483228566
95,98.14616904362349
95,98.14616904362349
85,114.74196264271988
180,165.4267492977439
60,68.59611161638516
100,98.25450097457055
95,94.76398017058219
31,32.8390791462745
130,127.8483861796427
80,73.74605571264352
145,150.3253724857849
100,104.08734846349941
55,81.2260134047925
100,77.70976601693965
125,114.75204320794433
110,132.77657495347296
115,94.1477118043186
75,74.93021491913503
210,202.93134954018333
190,193.70079353169731
190,193.70079353169731
190,193.70079353169731
150,110.59693429506743
215,214.26929416927277
115,105.16297597017933
55,67.2161836970826
180,181.2815171408569
180,181.2815171408569
65,63.48291914543157
65,63.48291914543157
145,142.45372099226046
140,153.05812938447605
75,106.79196443481842
120,119.42630492254794
80,78.99429303355922
80,78.99429303355922
80,78.99429303355922
155,159.15391149739665
135,138.68421569456083
135,138.68421569456083
135,138.68421569456083
105,104.70743926246405
220,204.10440176025847
145,100.6338579899614
225,204.62163016015074
140,139.93363139051763
140,139.93363139051763
140,139.93363139051763
140,139.93363139051763
75,76.07118628702102
75,76.07118628702102
75,76.07118628702102
215,210.44126169093929
95,99.82108720178861
95,99.82108720178861
95,99.82108720178861
65,70.77922372332566
110,97.31258122241393
105,110.05870359329738
18,16.524261721281892
190,165.0886737057999
80,95.50850180724807
100,99.5621734484666
100,90.08029195292197
75,97.71760990595664
75,79.00142774267374
140,135.4919682191912
145,131.9256953073299
145,131.9256953073299
135,142.48952289728675
75,81.32876912188884
75,81.32876912188884
115,105.1319497072728
225,208.5001644053654
105,93.48004771893227
195,202.28088097878393
195,202.28088097878393
85,87.38383640348215
140,146.48453931999603
110,95.29524556901868
50,90.22199923125038
140,148.41549262948797
130,135.43631373670507
220,215.29312856742663
115,100.56106572277731
115,100.56106572277731
95,95.52925348559154
95,95.52925348559154
95,95.52925348559154
90,105.34798264508564
140,130.66689287515018
60,73.5908783067196
60,73.5908783067196
55,63.70427336887367
55,63.70427336887367
55,65.35401301624667
155,153.71212910300216
85,116.12849904336431
120,130.2499095282004
120,130.2499095282004
55,65.30652211992516
190,197.82043727671524
50,55.916978427692754
115,114.87998182058666
115,114.87998182058666
150,140.06804154026372
95,77.14620830837687
110,104.82427538918735
140,143.74106317343714
165,182.9345674597547
165,182.9345674597547
100,89.23998741262854
155,143.32282334094495
155,143.32282334094495
105,120.55263611272632
105,119.14766440970008
105,119.14766440970008
170,169.4249355766034
170,169.4249355766034
14,14.218283395544269
14,14.218283395544269
14,14.218283395544269
14,14.218283395544269
75,70.67942402076136
135,138.3151359007112
125,131.04554103646126
120,98.81920566252202
50,59.31087963871339
50,59.31087963871339
100,105.5890376624575
115,83.0092943898849
70,77.67215388741103
80,95.95631201478805
60,70.18183943356102
75,76.14286020524058
85,86.70642457192926
75,81.0249405106477
80,109.21095482740938
85,95.4375600840836
120,111.99013552087033
85,87.35402339717695
85,87.35402339717695
24,23.136622608120966
95,96.85436627712156
95,96.85436627712156
125,128.2956753966533
125,128.2956753966533
125,128.2956753966533
125,128.2956753966533
125,128.2956753966533
75,74.77912755020621
120,114.07477769804719
80,81.94173546831267
155,166.89906686560508
80,85.37943910877549
110,97.25852163048941
95,101.77962029552154
80,94.4996378293038
80,93.08120951275906
145,115.80275891471288
145,115.80275891471288
95,102.54062927252853
70,75.67685743619612
70,75.67685743619612
115,131.64158145629233
130,133.25071688927204
65,66.7694750073833
65,66.7694750073833
65,66.7694750073833
120,108.42911190360996
140,138.4993391538462
140,138.4993391538462
100,99.31738156333286
125,123.75088820768646
50,68.81043472561085
130,120.49813097801983
50,50.529118823536024
50,50.529118823536024
140,120.66154435012949
140,120.66154435012949
90,91.23829422666356
90,91.23829422666356
130,130.28935996898457
145,142.49335917109752
90,87.47418030927453
90,87.47418030927453
90,87.47418030927453
125,95.96517307547155
125,95.96517307547155
90,81.18888678349519
110,109.1511348918084
110,109.1511348918084
80,82.04601839306903
80,93.1289939436796
145,144.81249661468405
145,144.81249661468405
145,144.81249661468405
75,64.24393882116098
120,97.40111678587262
145,136.4563494827592
120,118.6629896642032
18,30.48695315060331
55,61.03044916650097
11,10.873178482931475
11,10.873178482931475
90,76.47005498940028
110,117.71036946737995
80,84.24531340673876
75,76.22185169034468
75,71.33000004347738
75,71.33000004347738
75,71.33000004347738
95,88.55324920232319
105,142.16152682652765
60,64.08003472766926
90,85.2367977735796
80,77.74474635669692
105,110.28143152049114
75,90.0282281678446
65,70.01912636027615
50,75.22494960145457
135,133.94543397776263
135,133.94543397776263
135,133.94543397776263
135,133.94543397776263
16,23.590462757723053
70,70.42473283159875
70,70.42473283159875
95,80.59496187687469
120,116.03689657209159
145,135.47434826226592
85,84.61670224597202
60,79.89962388806734
140,140.7181924906671
140,140.7181924906671
120,109.34629661727348
190,212.47045081081674
95,82.94315948738587
95,103.85378137969423
95,103.85378137969423
95,71.00506147407715
90,89.59054009717748
90,89.59054009717748
50,74.09461709036165
50,74.09461709036165
50,74.09461709036165
21,25.705385236214482
90,93.65268846108928
90,93.65268846108928
130,127.22433364809172
85,72.2656647179714
115,110.99770739941292
95,86.4077784826923
50,68.38653331946017
110,102.82884570484332
85,85.37757310047397
50,57.087410319474884
130,118.35482194667732
130,118.35482194667732
100,125.46717053674749
85,84.59737207194547
70,67.65011947908623
80,77.28819202395779
90,80.17870159939247
85,88.4008486433975
105,107.87474365219968
80,83.71918878617733
80,83.71918878617733
60,65.08713228744865
60,65.08713228744865
85,78.88279812746096
115,123.91287358515726
55,67.79225900863787
100,122.17649015293055
17,13.120623063680664
17,13.120623063680664
105,99.91207123958189
75,91.98644666539198
140,144.61320061526936
140,144.61320061526936
120,95.05114224674325
55,62.602916377316575
75,85.80544111239585
120,117.13742606171529
120,117.13742606171529
95,80.88429421882395
95,80.88429421882395
95,80.88429421882395
95,80.88429421882395
135,149.34416579724908
65,65.25573422508472
65,65.25573422508472
65,65.25573422508472
65,65.25573422508472
140,131.7098173598344
75,74.70383217630852
145,137.97408259629483
50,52.13993625487134
50,52.13993625487134
105,99.64531537797497
120,122.45201605845044
75,77.00620678892845
75,77.00620678892845
75,77.00620678892845
75,77.00620678892845
95,108.09411461609531
110,89.95367623113654
26,24.87524939477841
145,125.28861950763053
85,80.09930163282907
55,55.609377541520715
70,67.74709218511558
50,85.57999763643836
50,64.64953185067135
50,64.64953185067135
85,74.05280557311178
115,121.8529825411086
70,57.14194294295398
75,87.67139141653668
110,109.32933721038538
105,134.56252695517077
80,72.87968579138038
80,72.87968579138038
145,125.62944875095738
145,125.62944875095738
80,74.93259596027235
105,114.18907707889932
12,9.530038055908516
75,84.16461678525063
18,4.1675310138269195
18,4.1675310138269195
85,72.47366019882814
60,60.373214765775124
80,69.60685436928021
19,16.124986855103124
115,115.10925321422494
110,113.13631078434078
110,112.42295981145884
95,93.9312750076888
50,50.34066197562505
50,50.34066197562505
70,70.21003775267806
70,70.21003775267806
70,70.21003775267806
110,116.4248216948978
60,62.138774133644226
14,25.77963452580535
105,121.05046227696329
75,86.36124422369517
75,86.36124422369517
125,122.23294001719074
12,12.594675373816392
115,111.60632882703017
12,14.26432644476504
115,111.86502253657272
13,10.834605204145042
95,93.47647679490578
95,93.47647679490578
95,75.32352672575276
115,113.19720781871199
115,113.19720781871199
120,116.12396160252612
120,116.12396160252612
75,67.4957924050819
125,126.10053154981638
125,126.10053154981638
140,123.08778017958485
130,130.64248961011523
130,130.64248961011523
125,118.47938315718972
80,84.53346243128682
120,113.63102157040372
50,62.051208189068305
50,62.051208189068305
115,116.8589077264203
115,116.8589077264203
90,89.00693742839084
90,89.00693742839084
90,89.00693742839084
105,130.22942836020323
105,130.22942836020323
105,130.22942836020323
29,30.372288907958783
100,116.70526070792758
125,122.7875529673572
95,93.97242350161535
95,93.97242350161535
65,78.05636599830012
65,78.05636599830012
75,89.79977663314683
130,113.85083585019999
90,90.74262183695508
33,18.519094166424864
55,67.69072403548371
30,23.41997079678055
55,59.83447205469549
55,58.0329989100121
75,73.79801736327187
75,73.79801736327187
75,73.79801736327187
65,64.46380912021529
65,64.46380912021529
65,64.46380912021529
65,64.46380912021529
65,64.46380912021529
65,64.46380912021529
65,64.46380912021529
65,64.46380912021529
65,64.46380912021529
90,88.94988341410539
90,88.94988341410539
90,88.94988341410539
90,88.94988341410539
115,115.20285236364431
90,101.81039707126513
145,146.22105881954266
80,79.43849145475643
85,84.20545046970113
145,140.3462102027991
100,102.66693130482413
85,79.75898049274285
90,86.85771877004966
85,107.14174333611787
55,54.79858674226424
70,78.11016259508054
130,119.95244979778039
115,116.38443777514235
115,116.38443777514235
120,120.75592680194647
115,106.17605009010065
100,108.31542074627676
140,129.10358795655804
50,59.82654817261676
95,78.84297703503331
95,110.38940734635925
70,69.53921820889497
80,68.90674214038046
140,122.1107229177431
140,122.1107229177431
120,112.0063090691917
65,61.91192746019266
65,61.91192746019266
95,86.38121453834917
85,88.19691997785652
85,88.19691997785652
60,66.91301264456926
195,174.66063178409328
190,191.47036131063422
190,191.47036131063422
130,128.87595622079382
60,68.12392713617676
120,87.463038128477
80,81.84161372693252
80,81.84161372693252
110,122.91666363214792
110,122.91666363214792
105,101.11479797516034
36,30.485998686775478
36,30.485998686775478
50,72.160089103016
70,74.39278362403837
70,74.39278362403837
80,105.6183767833882
140,124.23290706987052
95,64.22117666036193
125,126.23308049760402
125,126.23308049760402
65,63.36888680312985
65,63.36888680312985
80,71.89830246553902
80,77.70092558856624
75,74.24465919480612
75,66.36182786591172
125,109.51522932627023
95,89.6358183896701
95,82.34673573347514
115,122.04591517000999
135,130.12788173021482
135,130.12788173021482
50,48.969561445120895
50,48.969561445120895
60,62.96939297248613
75,75.0528658841781
80,80.82480581666961
80,80.82480581666961
80,80.82480581666961
105,106.41637222629501
135,121.42727662779986
145,133.44021861441536
70,67.35523045641185
100,99.36059724357402
90,82.49519163327176
55,72.09121730785544
105,105.01540332523972
105,105.01540332523972
80,84.58864967164048
90,88.42552471492056
90,88.42552471492056
90,88.42552471492056
90,88.42552471492056
90,88.42552471492056
150,146.03060143056976
105,98.40884598273146
195,193.26967264984594
85,88.79475553622893
55,83.55368831932223
50,51.586898256687334
65,73.34710813395387
75,81.64484339001916
85,123.4985159990276
95,88.95088449517839
130,152.9418544050029
185,181.68625743366573
95,90.35059318834168
70,66.19149178173554
70,66.19149178173554
60,65.7337187200678
95,94.09439749567484
85,88.16467862705119
85,88.16467862705119
85,88.16467862705119
145,124.42163333571011
135,120.65404472728298
80,82.23289443724737
60,74.62434478356346
75,63.636565668985654
75,63.636565668985654
55,69.64255057337952
17,20.11972031431235
120,120.41040217008138
75,75.60821742403157
75,75.60821742403157
120,130.99196396236678
85,109.88201707385335
85,109.88201707385335
60,65.94636442000463
60,71.16646881642703
65,57.5013734512268
50,87.23456271816268
115,96.43074174022715
90,77.60507842210704
90,77.60507842210704
125,124.64962724117218
55,61.45509047401568
55,61.45509047401568
175,174.06410088659504
175,174.06410088659504
70,70.42869050403374
85,87.67867055153185
115,96.67689739818206
120,121.88233843247579
120,121.88233843247579
95,85.64592211922569
60,57.66678154631944
120,130.92877241450708
50,71.33907951063068
110,113.61197983202099
60,71.69898441074825
145,136.4778077522741
115,107.35854702778167
115,107.35854702778167
115,107.35854702778167
115,114.62671588985023
70,68.48627402208781
70,68.48627402208781
70,68.48627402208781
70,68.48627402208781
55,56.847046374257076
12,14.070385273009576
12,14.070385273009576
85,63.93844759685129
85,93.87430825813186
65,67.42679096940465
50,65.13828021321432
125,113.05645990076795
125,113.05645990076795
130,125.90855282541754
18,16.448749508577627
70,81.31160155113353
55,62.45627138837287
80,77.50281202885634
60,59.958246318028166
120,117.30361576837065
110,108.66494420142142
120,109.6071636334903
115,118.53616472537495
80,72.16306983068047
60,69.63235296346501
115,120.12936452890676
115,120.12936452890676
95,92.96310008648845
95,92.96310008648845
95,92.96310008648845
95,92.96310008648845
95,92.96310008648845
20,25.006956734775013
135,95.12392138840207
55,61.85805146659487
85,71.0965011086059
25,12.636291646070068
190,193.2569005613217
55,59.5964705266743
90,92.50153934495732
100,99.08336481697243
120,123.49247131478434
120,123.49247131478434
115,92.41257065423844
115,92.41257065423844
115,92.41257065423844
95,88.53857431375114
12,10.513094061278636
80,86.13855495244292
85,72.86098587329928
80,86.53075551914604
90,100.74532263932319
75,83.7400787534901
65,67.94410261911432
95,92.05087311662358
120,122.40278533037426
120,122.40278533037426
50,59.56040945813311
135,128.02403484777028
60,64.18943271555106
135,146.1945003234529
85,92.36447625726339
120,117.618373959256
50,49.05275968337081
50,49.05275968337081
50,49.05275968337081
50,49.05275968337081
130,134.83299021010615
135,105.68340040531686
60,61.818531006687486
15,11.479695856674915
130,128.33672950481895
60,58.84301585197271
60,58.84301585197271
60,58.84301585197271
60,58.84301585197271
60,58.84301585197271
210,210.7739901301589
65,65.863967945409
140,146.9350005358136
140,146.9350005358136
135,116.6863868952838
16,19.8763808656456
70,66.36602864386968
100,110.03392454331745
85,80.16793791339084
110,125.95070090787985
95,82.72086814734234
95,91.89381891390974
50,82.57569980725307
65,65.93350867306853
100,93.11116186627028
85,95.39371345407947
130,131.8478219432071
130,131.8478219432071
130,131.8478219432071
95,100.42928226330902
75,81.95580135207256
145,132.81003434645123
145,132.81003434645123
140,137.74240884840242
130,126.28309901457443
50,51.11159282338597
90,85.49005113436799
75,95.12192375251404
80,80.71191268587987
140,132.91441484183702
140,132.91441484183702
85,59.75538358687001
75,74.96605823787388
75,74.96605823787388
70,79.54432297519574
120,120.5915726105566
120,120.5915726105566
120,120.5915726105566
120,110.37194915290436
85,81.55055891240582
95,88.77351865398502
135,135.5739511429736
125,125.31405200315743
120,117.67125969136798
50,74.17196412698513
50,74.17196412698513
90,88.21904259598824
90,88.21904259598824
125,124.61350440711315
120,107.82450612686166
120,112.79422343998603
80,97.90861791826273
85,88.28544419744188
85,88.28544419744188
100,111.63264146782295
100,111.63264146782295
19,19.134938699194674
65,72.31700864459508
125,126.97823842741832
125,126.97823842741832
185,163.643788110907
120,103.87251830857538
70,70.21647555916498
11,20.467417762654676
120,124.85779690566237
150,150.60744755949432
150,150.60744755949432
150,150.60744755949432
110,111.65627796322622
60,58.559195369289
145,145.16204137147412
145,145.16204137147412
